batch_timestamp,elapsed_minutes,elapsed_hours,batch_duration_seconds,batch_requests,batch_tokens,batch_rps,batch_tps,cumulative_requests,cumulative_tokens,success_rate,timestamp,cpu_percent,memory_percent,memory_used_gb,memory_total_gb,disk_read_mb,disk_write_mb,gpu_temp,power_draw,gpu_util,memory_util
2025-11-27T02:34:32.247916,0.7422797958056132,0.012371329930093553,44.536243200302124,10,1029,0.2245362267092201,23.10477772837875,10,1029,1.0,2025/11/27 02:34:31.228,1.5,98.5,117.93017959594727,119.69921493530273,75154.55517578125,8734.8115234375,48.0,41.25,92.0,0.0
2025-11-27T02:34:47.764072,1.0007575790087382,0.01667929298347897,14.442577600479126,1,4,0.0692397179826699,0.2769588719306796,11,1033,1.0,2025/11/27 02:34:46.735,2.6,98.4,117.75161361694336,119.69921493530273,75167.19189453125,8742.3466796875,50.0,41.31,94.0,0.0
2025-11-27T02:35:18.857313,1.5185355504353841,0.025308925840589736,31.066678285598755,9,668,0.28969946246786327,21.502137880948077,20,1701,1.0,2025/11/27 02:35:17.798,1.7,98.4,117.7749252319336,119.69921493530273,75181.11572265625,8746.1005859375,52.0,42.15,94.0,0.0
2025-11-27T02:35:49.945930,2.0370917518933616,0.03395152919822269,31.113372087478638,1,49,0.03214052135488211,1.5748855463892233,21,1750,1.0,2025/11/27 02:35:48.922,8.3,98.5,117.91003036499023,119.69921493530273,75190.80517578125,8772.2412109375,54.0,39.61,92.0,0.0
2025-11-27T02:36:07.811357,2.33483495314916,0.03891391588581933,17.8645920753479,10,872,0.559766489927269,48.811637921657855,31,2622,1.0,2025/11/27 02:36:06.776,5.5,98.5,117.90640640258789,119.69921493530273,75209.31494140625,8776.3115234375,54.0,41.71,94.0,0.0
2025-11-27T02:36:51.042482,3.0550929069519044,0.05091821511586507,42.141650915145874,9,885,0.21356543477904813,21.000601086606398,40,3507,1.0,2025/11/27 02:36:50.004,3.2,98.5,117.91650009155273,119.69921493530273,75267.22509765625,8780.2685546875,56.0,43.3,91.0,0.0
2025-11-27T02:37:22.139901,3.5735350688298544,0.05955891781383091,31.106529712677002,1,84,0.032147591172552586,2.7003976584944174,41,3591,1.0,2025/11/27 02:37:21.101,1.3,98.5,117.94880294799805,119.69921493530273,75334.27001953125,8783.0576171875,57.0,43.16,83.0,0.0
2025-11-27T02:37:36.895715,3.819474983215332,0.0636579163869222,14.756394863128662,10,1417,0.6776722968417364,96.02616446247404,51,5008,1.0,2025/11/27 02:37:35.861,1.1,98.4,117.78912734985352,119.69921493530273,75335.39111328125,8783.7021484375,57.0,42.64,83.0,0.0
2025-11-27T02:37:53.223007,4.091466343402862,0.06819110572338104,15.2400541305542,1,193,0.06561656483851579,12.663997013833548,52,5201,1.0,2025/11/27 02:37:52.189,1.3,98.4,117.75475311279297,119.69921493530273,75340.51123046875,8784.4091796875,58.0,43.02,94.0,0.0
2025-11-27T02:38:24.291820,4.609453570842743,0.07682422618071238,31.079233646392822,9,1077,0.2895824299401467,34.65336411617089,61,6278,1.0,2025/11/27 02:38:23.252,1.6,98.4,117.7592658996582,119.69921493530273,75343.90185546875,8785.6162109375,57.0,42.9,83.0,0.0
2025-11-27T02:38:55.364884,5.127262810866038,0.08545438018110063,31.068554401397705,2,65,0.064373770796044,2.09214755087143,63,6343,1.0,2025/11/27 02:38:54.325,1.5,98.4,117.77901840209961,119.69921493530273,75345.99169921875,8786.2216796875,59.0,43.1,93.0,0.0
2025-11-27T02:39:26.449892,5.645240167776744,0.0940873361296124,31.078641414642334,9,934,0.28958794819646644,30.052793735055516,72,7277,1.0,2025/11/27 02:39:25.406,1.6,98.4,117.77923965454102,119.69921493530273,75347.97900390625,8786.8427734375,59.0,43.83,93.0,0.0
2025-11-27T02:39:57.525667,6.16333931684494,0.10272232194741567,31.085948944091797,9,787,0.28951987330953083,25.31690447717786,81,8064,1.0,2025/11/27 02:39:56.498,8.1,98.5,117.9428939819336,119.69921493530273,75355.75048828125,8797.3310546875,59.0,41.21,94.0,0.0
2025-11-27T02:40:28.578589,6.681146164735158,0.1113524360789193,31.068410873413086,9,911,0.28968330683761445,29.322388058785197,90,8975,1.0,2025/11/27 02:40:27.555,3.9,98.5,117.95279693603516,119.69921493530273,75365.80517578125,8799.6943359375,60.0,43.52,94.0,0.0
2025-11-27T02:40:59.651688,7.1986997882525126,0.11997832980420854,31.05321741104126,3,286,0.09660834689977478,9.209995737778529,93,9261,1.0,2025/11/27 02:40:58.615,3.8,98.5,117.85294342041016,119.69921493530273,75368.23193359375,8806.0458984375,61.0,43.08,93.0,0.0
2025-11-27T02:41:30.714807,7.716734604040782,0.1286122434006797,31.082088947296143,9,932,0.2895558279644817,29.98511462921077,102,10193,1.0,2025/11/27 02:41:29.691,5.4,98.5,117.8559455871582,119.69921493530273,75393.07861328125,8818.7412109375,61.0,41.92,94.0,0.0
2025-11-27T02:42:01.780884,8.234382192293802,0.1372397032048967,31.058855295181274,8,386,0.2575754941374541,12.42801759213216,110,10579,1.0,2025/11/27 02:42:00.750,7.5,98.5,117.93460083007812,119.69921493530273,75395.85107421875,8821.6904296875,60.0,42.29,94.0,0.0
2025-11-27T02:42:32.848515,8.752086118857067,0.1458681019809511,31.062235593795776,3,111,0.09658029895952518,3.573471061502431,113,10690,1.0,2025/11/27 02:42:31.819,5.1,98.5,117.9539794921875,119.69921493530273,75406.92822265625,8837.4833984375,62.0,43.36,91.0,0.0
2025-11-27T02:43:03.907743,9.26989388068517,0.15449823134475285,31.06846570968628,9,633,0.2896827955425572,20.374356619826525,122,11323,1.0,2025/11/27 02:43:02.880,1.7,98.5,117.84804153442383,119.69921493530273,75413.48681640625,8856.4833984375,62.0,44.28,93.0,0.0
2025-11-27T02:43:34.992728,9.78763650258382,0.16312727504306368,31.064557313919067,8,902,0.25752821516678903,29.036306260055465,130,12225,1.0,2025/11/27 02:43:33.961,1.1,98.4,117.76538848876953,119.69921493530273,75421.40966796875,8861.6201171875,62.0,44.02,93.0,0.0
2025-11-27T02:44:06.061599,10.305602459112803,0.17176004098521339,31.07795739173889,4,407,0.1287085875554767,13.096098783769756,134,12632,1.0,2025/11/27 02:44:05.024,1.0,98.4,117.78207015991211,119.69921493530273,75423.10107421875,8862.7763671875,63.0,44.14,92.0,0.0
2025-11-27T02:44:37.146184,10.823433816432953,0.1803905636072159,31.069881439208984,8,932,0.2574840852113555,29.99689592712292,142,13564,1.0,2025/11/27 02:44:36.095,1.0,98.4,117.79096221923828,119.69921493530273,75424.52685546875,8864.3623046875,63.0,44.76,95.0,0.0
2025-11-27T02:45:08.227365,11.341522387663524,0.18902537312772538,31.08531427383423,9,717,0.2895257844497865,23.06555416116632,151,14281,1.0,2025/11/27 02:45:07.186,1.0,98.4,117.77949142456055,119.69921493530273,75464.91748046875,8865.9951171875,63.0,44.82,94.0,0.0
2025-11-27T02:45:39.327443,11.85959135691325,0.19765985594855415,31.08413815498352,9,701,0.2895367391280587,22.551694903196573,160,14982,1.0,2025/11/27 02:45:38.264,1.0,98.4,117.7877311706543,119.69921493530273,75468.41357421875,8866.7060546875,63.0,44.72,94.0,0.0
2025-11-27T02:46:10.418886,12.37790591319402,0.20629843188656702,31.098873376846313,5,931,0.1607775284786552,29.9367758027256,165,15913,1.0,2025/11/27 02:46:09.379,1.5,98.5,117.92414093017578,119.69921493530273,75495.23779296875,8869.1630859375,63.0,44.79,93.0,0.0
2025-11-27T02:46:41.476625,12.896124084790548,0.2149354014131758,31.093090295791626,8,467,0.2572918910245078,15.019414138555643,173,16380,1.0,2025/11/27 02:46:40.452,2.1,98.4,117.81427764892578,119.69921493530273,75522.16357421875,8872.9755859375,63.0,44.14,93.0,0.0
2025-11-27T02:47:12.542077,13.413690876960754,0.22356151461601256,31.054007530212402,8,877,0.2576157036162502,28.24112150893143,181,17257,1.0,2025/11/27 02:47:11.515,1.9,98.4,117.8331527709961,119.69921493530273,75532.12353515625,8876.0224609375,63.0,44.7,93.0,0.0
2025-11-27T02:47:43.617508,13.931420000394185,0.23219033333990308,31.06374740600586,5,886,0.16095933097348392,28.52199344850135,186,18143,1.0,2025/11/27 02:47:42.585,6.0,98.6,118.03305053710938,119.69921493530273,75535.71142578125,8902.7802734375,63.0,43.78,93.0,0.0
2025-11-27T02:48:14.710959,14.449344034989675,0.24082240058316126,31.07544207572937,7,796,0.2252582596553682,25.615082097953294,193,18939,1.0,2025/11/27 02:48:13.659,1.3,98.4,117.79977035522461,119.69921493530273,75538.64697265625,8908.7490234375,64.0,44.69,94.0,0.0
2025-11-27T02:48:45.802163,14.967646777629852,0.2494607796271642,31.098164558410645,8,920,0.2572499089125941,29.58373952494832,201,19859,1.0,2025/11/27 02:48:44.755,1.0,98.4,117.79793548583984,119.69921493530273,75544.79150390625,8913.3583984375,64.0,45.05,93.0,0.0
2025-11-27T02:49:16.883152,15.485778963565826,0.25809631605943045,31.087931156158447,9,644,0.289501413097961,20.71543444834299,210,20503,1.0,2025/11/27 02:49:15.835,1.4,98.4,117.80924987792969,119.69921493530273,75545.17041015625,8916.0576171875,64.0,44.4,93.0,0.0
2025-11-27T02:49:47.957180,16.003800733884177,0.2667300122314029,31.081306219100952,4,591,0.1286947199645621,19.014644874764052,214,21094,1.0,2025/11/27 02:49:46.918,1.6,98.4,117.80715560913086,119.69921493530273,75545.55322265625,8917.6279296875,63.0,44.72,90.0,0.0
2025-11-27T02:50:19.030908,16.521918487548827,0.2753653081258138,31.08706521987915,9,1152,0.2895094772164211,37.0572130837019,223,22246,1.0,2025/11/27 02:50:18.001,1.5,98.4,117.80419921875,119.69921493530273,75547.22509765625,8918.9326171875,64.0,44.62,92.0,0.0
2025-11-27T02:50:50.109072,17.039777930577596,0.28399629884295996,31.071566581726074,8,312,0.2574701207600195,10.041334709640763,231,22558,1.0,2025/11/27 02:50:49.075,1.6,98.4,117.80198287963867,119.69921493530273,75548.59619140625,8919.7333984375,64.0,45.02,90.0,0.0
2025-11-27T02:51:21.201266,17.557581333319344,0.29262635555532246,31.068204164505005,7,744,0.22531073772192484,23.94731269501601,238,23302,1.0,2025/11/27 02:51:20.144,1.7,98.4,117.80580139160156,119.69921493530273,75549.51025390625,8920.6044921875,64.0,44.85,93.0,0.0
2025-11-27T02:51:52.299224,18.075837278366087,0.30126395463943484,31.095356702804565,5,369,0.16079571132718468,11.866723495946228,243,23671,1.0,2025/11/27 02:51:51.252,1.7,98.4,117.815673828125,119.69921493530273,75551.13525390625,8921.7216796875,64.0,44.93,93.0,0.0
2025-11-27T02:52:22.183050,18.57399639685949,0.3095666066143248,29.889547109603882,10,849,0.33456512282806977,28.40457892810312,253,24520,1.0,2025/11/27 02:52:21.129,1.5,98.4,117.80823516845703,119.69921493530273,75551.85009765625,8922.4560546875,64.0,45.01,93.0,0.0
2025-11-27T02:52:53.364457,19.09411463737488,0.31823524395624797,30.11015272140503,8,781,0.2656911133603409,25.93809494180328,261,25301,1.0,2025/11/27 02:52:52.340,1.6,98.4,117.81512832641602,119.69921493530273,75552.78759765625,8923.9130859375,64.0,44.75,93.0,0.0
2025-11-27T02:53:24.439031,19.61179922024409,0.3268633203374015,31.06107497215271,6,537,0.19316781551762777,17.288519488827685,267,25838,1.0,2025/11/27 02:53:23.397,1.6,98.4,117.80717849731445,119.69921493530273,75556.09423828125,8924.9130859375,64.0,44.63,92.0,0.0
2025-11-27T02:53:55.514041,20.12972763379415,0.3354954605632358,31.07570481300354,6,610,0.19307687584576738,19.629482377653016,273,26448,1.0,2025/11/27 02:53:54.473,1.3,98.4,117.79326629638672,119.69921493530273,75557.04345703125,8925.7099609375,64.0,44.6,93.0,0.0
2025-11-27T02:54:26.575991,20.64770984252294,0.3441284973753823,31.078932523727417,9,1324,0.2895852356939509,42.60120578431011,282,27772,1.0,2025/11/27 02:54:25.540,1.6,98.4,117.79028701782227,119.69921493530273,75558.69970703125,8926.7685546875,64.0,44.48,82.0,0.0
2025-11-27T02:54:57.645789,21.16536674499512,0.3527561124165853,31.05941414833069,9,754,0.2897672170189247,24.276053514696585,291,28526,1.0,2025/11/27 02:54:56.619,1.6,98.4,117.7909049987793,119.69921493530273,75561.96142578125,8928.0458984375,64.0,44.2,93.0,0.0
2025-11-27T02:55:28.717420,21.68314516544342,0.3613857527573903,31.066705226898193,3,201,0.09656640374604444,6.469949050984977,294,28727,1.0,2025/11/27 02:55:27.678,1.2,98.4,117.79063415527344,119.69921493530273,75563.67236328125,8928.9287109375,64.0,45.26,94.0,0.0
2025-11-27T02:55:59.804336,22.201165779431662,0.37001942965719437,31.081236839294434,9,808,0.2895637662855732,25.996391462082567,303,29535,1.0,2025/11/27 02:55:58.764,1.0,98.4,117.80788040161133,119.69921493530273,75564.25830078125,8929.5615234375,65.0,45.47,93.0,0.0
2025-11-27T02:56:30.882244,22.71914295355479,0.3786523825592465,31.078630447387695,9,1067,0.28958805038838165,34.332272196044805,312,30602,1.0,2025/11/27 02:56:29.841,1.0,98.4,117.80735778808594,119.69921493530273,75571.45361328125,8930.6943359375,65.0,44.48,84.0,0.0
2025-11-27T02:57:01.948740,23.237303229173026,0.3872883871528837,31.089616537094116,7,688,0.22515555930540518,22.12957497173125,319,31290,1.0,2025/11/27 02:57:00.919,1.1,98.4,117.8060073852539,119.69921493530273,75572.69970703125,8932.0146484375,65.0,45.26,94.0,0.0
2025-11-27T02:57:33.038446,23.755128435293834,0.3959188072548972,31.069512367248535,5,206,0.1609294649011188,6.630293953926095,324,31496,1.0,2025/11/27 02:57:32.011,1.7,98.4,117.81000137329102,119.69921493530273,75580.05322265625,8933.2568359375,65.0,45.12,93.0,0.0
2025-11-27T02:58:02.213172,24.24126965602239,0.4040211609337065,29.16847324371338,10,1020,0.3428359076749168,34.96926258284151,334,32516,1.0,2025/11/27 02:58:01.162,1.4,98.4,117.81038665771484,119.69921493530273,75580.20556640625,8933.9208984375,65.0,45.16,93.0,0.0
2025-11-27T02:58:34.122727,24.77314556837082,0.412885759472847,30.812536001205444,8,1124,0.2596345850820921,36.47865920403394,342,33640,1.0,2025/11/27 02:58:33.079,1.7,98.4,117.82263565063477,119.69921493530273,75580.49072265625,8934.5966796875,65.0,45.15,93.0,0.0
2025-11-27T02:59:05.218276,25.291161211331687,0.4215193535221948,31.080938577651978,6,718,0.1930443633486075,23.100975480716695,348,34358,1.0,2025/11/27 02:59:04.168,1.6,98.4,117.82223129272461,119.69921493530273,75580.69384765625,8935.2724609375,65.0,45.02,93.0,0.0
2025-11-27T02:59:36.290773,25.809386122226716,0.43015643537044523,31.093494653701782,8,762,0.25728854505093635,24.506733916101687,356,35120,1.0,2025/11/27 02:59:35.253,1.5,98.4,117.80549240112305,119.69921493530273,75580.83447265625,8935.9794921875,65.0,45.08,92.0,0.0
2025-11-27T03:00:07.361812,26.327325026194256,0.4387887504365709,31.076334238052368,7,525,0.22525179277511553,16.893884458133666,363,35645,1.0,2025/11/27 03:00:06.328,1.8,98.4,117.82258605957031,119.69921493530273,75582.04541015625,8937.1787109375,64.0,44.82,90.0,0.0
2025-11-27T03:00:38.446948,26.845165590445202,0.44741942650742,31.070433855056763,8,740,0.2574795072807774,23.81685442347191,371,36385,1.0,2025/11/27 03:00:37.407,1.8,98.4,117.83382415771484,119.69921493530273,75583.01806640625,8938.1201171875,65.0,44.56,92.0,0.0
2025-11-27T03:01:09.530830,27.363186264038085,0.4560531044006348,31.08124041557312,7,382,0.22521623675265806,12.290371777073625,378,36767,1.0,2025/11/27 03:01:08.495,1.4,98.4,117.81726837158203,119.69921493530273,75583.43603515625,8938.8154296875,65.0,45.05,90.0,0.0
2025-11-27T03:01:40.626626,27.881282365322114,0.46468803942203524,31.085766077041626,7,597,0.22518344835547888,19.20493123831727,385,37364,1.0,2025/11/27 03:01:39.570,1.7,98.4,117.82488632202148,119.69921493530273,75584.79541015625,8939.4990234375,64.0,44.61,92.0,0.0
2025-11-27T03:02:11.724409,28.39961310625076,0.47332688510417936,31.099844455718994,7,731,0.22508151158012496,23.50494070929591,392,38095,1.0,2025/11/27 03:02:10.682,1.1,98.4,117.82051849365234,119.69921493530273,75585.37353515625,8940.2099609375,65.0,45.1,93.0,0.0
2025-11-27T03:02:42.817980,28.917812561988832,0.48196354269981384,31.091967344284058,8,859,0.25730118365992427,27.627714595484367,400,38954,1.0,2025/11/27 03:02:41.784,1.5,98.4,117.77346801757812,119.69921493530273,75586.27978515625,8940.9482421875,65.0,44.86,94.0,0.0
2025-11-27T03:03:13.888766,29.436032080650328,0.4906005346775055,31.09317111968994,7,486,0.22512981944023094,15.630441749707463,407,39440,1.0,2025/11/27 03:03:12.850,1.6,98.4,117.7962532043457,119.69921493530273,75588.14501953125,8941.6826171875,65.0,45.05,94.0,0.0
2025-11-27T03:03:44.964549,29.95388683875402,0.49923144731256697,31.071285486221313,7,501,0.22528839378416377,16.12421218369515,414,39941,1.0,2025/11/27 03:03:43.927,1.0,98.4,117.79986190795898,119.69921493530273,75589.36767578125,8942.3623046875,65.0,44.78,93.0,0.0
2025-11-27T03:04:16.030457,30.47182639837265,0.5078637733062108,31.07637357711792,9,779,0.28960908124192647,25.067274920828968,423,40720,1.0,2025/11/27 03:04:15.000,1.5,98.4,117.80567169189453,119.69921493530273,75589.76220703125,8943.0771484375,65.0,45.32,93.0,0.0
2025-11-27T03:04:47.113648,30.98990272283554,0.5164983787139257,31.084579467773438,6,424,0.1930217523521728,13.640203832886879,429,41144,1.0,2025/11/27 03:04:46.083,1.4,98.4,117.80770111083984,119.69921493530273,75590.37744140625,8943.7685546875,65.0,45.31,91.0,0.0
2025-11-27T03:05:18.202421,31.507685736815134,0.5251280956135855,31.066980838775635,8,1130,0.25750812547625995,36.37302272352172,437,42274,1.0,2025/11/27 03:05:17.162,1.2,98.4,117.82497787475586,119.69921493530273,75590.87353515625,8944.7021484375,65.0,45.53,91.0,0.0
2025-11-27T03:05:49.269241,32.0257834593455,0.5337630576557584,31.0858633518219,8,895,0.2573517070913564,28.7912222308455,445,43169,1.0,2025/11/27 03:05:48.236,1.2,98.4,117.82460403442383,119.69921493530273,75591.03759765625,8945.4326171875,64.0,45.16,93.0,0.0
2025-11-27T03:06:20.353608,32.54357896248499,0.5423929827080832,31.06773018836975,9,929,0.2896896537156475,29.902409811315167,454,44098,1.0,2025/11/27 03:06:19.317,1.0,98.4,117.8174934387207,119.69921493530273,75591.41259765625,8946.1201171875,65.0,45.25,94.0,0.0
2025-11-27T03:06:51.430346,33.06173564592997,0.5510289274321662,31.08940100669861,5,340,0.16082651444209833,10.936202982062687,459,44438,1.0,2025/11/27 03:06:50.394,1.0,98.4,117.81195449829102,119.69921493530273,75594.63916015625,8949.7529296875,65.0,45.35,94.0,0.0
2025-11-27T03:07:22.520038,33.579606942335765,0.559660115705596,31.072277784347534,8,1099,0.25746422761545823,35.36914826867358,467,45537,1.0,2025/11/27 03:07:21.466,1.6,98.4,117.8067512512207,119.69921493530273,75595.33056640625,8950.6708984375,65.0,45.21,94.0,0.0
2025-11-27T03:07:53.615732,34.09776463508606,0.5682960772514343,31.0894615650177,7,667,0.22515668164148905,21.454215236410455,474,46204,1.0,2025/11/27 03:07:52.558,1.6,98.4,117.80653762817383,119.69921493530273,75596.04931640625,8951.3896484375,65.0,45.24,90.0,0.0
2025-11-27T03:08:24.715642,34.61606100002925,0.5769343500004874,31.097781896591187,7,965,0.22509644010228627,31.031152099815177,481,47169,1.0,2025/11/27 03:08:23.665,1.6,98.4,117.82083511352539,119.69921493530273,75596.75244140625,8952.1005859375,65.0,44.02,84.0,0.0
2025-11-27T03:08:55.779185,35.13434390624364,0.5855723984373941,31.09697437286377,8,478,0.25725975472974183,15.371270345102074,489,47647,1.0,2025/11/27 03:08:54.747,1.4,98.4,117.8036117553711,119.69921493530273,75597.40869140625,8952.7568359375,65.0,44.51,84.0,0.0
2025-11-27T03:09:26.862271,35.652115046978,0.5942019174496332,31.06626844406128,7,643,0.22532477669805692,20.69769020240723,496,48290,1.0,2025/11/27 03:09:25.827,1.3,98.4,117.80770492553711,119.69921493530273,75598.02197265625,8953.4248046875,65.0,45.37,94.0,0.0
2025-11-27T03:09:57.952852,36.1701186021169,0.6028353100352817,31.08021330833435,8,1103,0.25739849082228633,35.48881692212272,504,49393,1.0,2025/11/27 03:09:56.898,1.2,98.4,117.81088256835938,119.69921493530273,75598.66650390625,8954.4248046875,65.0,45.69,93.0,0.0
2025-11-27T03:10:29.047864,36.68834316730499,0.6114723861217499,31.0934739112854,6,414,0.19296653751584494,13.314691088593301,510,49807,1.0,2025/11/27 03:10:28.001,1.2,98.4,117.8129997253418,119.69921493530273,75599.97119140625,8955.6474609375,65.0,44.69,92.0,0.0
2025-11-27T03:11:00.136653,37.206574551264445,0.6201095758544074,31.09388303756714,7,848,0.22512466492340988,27.272245122150224,517,50655,1.0,2025/11/27 03:10:59.107,1.8,98.4,117.7815055847168,119.69921493530273,75601.17822265625,8956.5341796875,65.0,45.49,93.0,0.0
2025-11-27T03:11:31.236872,37.72469469308853,0.6287449115514755,31.08720850944519,8,632,0.2573405713661736,20.329905137927717,525,51287,1.0,2025/11/27 03:11:30.194,1.3,98.4,117.81623840332031,119.69921493530273,75601.54541015625,8957.2021484375,65.0,45.4,94.0,0.0
2025-11-27T03:12:02.312142,38.24306828975678,0.6373844714959462,31.102415800094604,7,648,0.22506290331244005,20.834394478065878,532,51935,1.0,2025/11/27 03:12:01.273,1.3,98.4,117.78790664672852,119.69921493530273,75601.61572265625,8957.8818359375,65.0,45.38,93.0,0.0
2025-11-27T03:12:33.406727,38.760979501406354,0.6460163250234392,31.07467269897461,8,774,0.2574443849335855,24.907744242324398,540,52709,1.0,2025/11/27 03:12:32.369,1.3,98.4,117.82136535644531,119.69921493530273,75602.15087890625,8958.5341796875,65.0,45.44,94.0,0.0
2025-11-27T03:13:04.482918,39.279259606202444,0.6546543267700408,31.096806287765503,7,576,0.22510350211603652,18.522802459833862,547,53285,1.0,2025/11/27 03:13:03.449,1.0,98.4,117.8436050415039,119.69921493530273,75602.22509765625,8959.2412109375,65.0,45.13,93.0,0.0
2025-11-27T03:13:35.556498,39.79727706114451,0.6632879510190752,31.081047296524048,8,352,0.2573915841276906,11.325229701618387,555,53637,1.0,2025/11/27 03:13:34.532,1.5,98.4,117.79373550415039,119.69921493530273,75603.43505859375,8959.9287109375,65.0,45.24,92.0,0.0
2025-11-27T03:14:06.660683,40.31505644718806,0.6719176074531343,31.066763162612915,8,1059,0.25750992976402337,34.087876952512595,563,54696,1.0,2025/11/27 03:14:05.625,1.3,98.4,117.81482696533203,119.69921493530273,75603.98583984375,8960.7646484375,65.0,45.65,94.0,0.0
2025-11-27T03:14:37.747433,40.833443915843965,0.6805573985973994,31.103248119354248,7,805,0.22505688065563137,25.88154127539761,570,55501,1.0,2025/11/27 03:14:36.715,1.2,98.4,117.8355712890625,119.69921493530273,75605.84912109375,8961.4482421875,65.0,44.69,92.0,0.0
2025-11-27T03:15:08.852461,41.35157204071681,0.6891928673452801,31.087687492370605,7,465,0.2251695305968933,14.957690246793627,577,55966,1.0,2025/11/27 03:15:07.822,1.3,98.4,117.80550384521484,119.69921493530273,75606.20849609375,8963.6552734375,65.0,45.41,93.0,0.0
2025-11-27T03:15:39.952416,41.870096147060394,0.6978349357843399,31.111446380615234,9,1061,0.2892825968260889,34.10320391472004,586,57027,1.0,2025/11/27 03:15:38.913,1.3,98.4,117.7913932800293,119.69921493530273,75607.18896484375,8964.3154296875,65.0,45.58,93.0,0.0
2025-11-27T03:16:11.029870,42.388270525137585,0.7064711754189598,31.090462684631348,8,831,0.25731363605452434,26.728453945163714,594,57858,1.0,2025/11/27 03:16:09.996,1.1,98.4,117.82252883911133,119.69921493530273,75607.84521484375,8965.0146484375,65.0,45.35,92.0,0.0
2025-11-27T03:16:42.112008,42.906264932950336,0.7151044155491723,31.07966446876526,6,381,0.1930522771901202,12.25881960157263,600,58239,1.0,2025/11/27 03:16:41.082,1.3,98.4,117.80315780639648,119.69921493530273,75608.63427734375,8965.6669921875,65.0,45.38,94.0,0.0
2025-11-27T03:17:13.195253,43.42431238094966,0.7237385396824942,31.082846879959106,9,741,0.28954876735576035,23.8395151789576,609,58980,1.0,2025/11/27 03:17:12.154,0.9,98.4,117.80995559692383,119.69921493530273,75609.98193359375,8967.0927734375,66.0,45.57,94.0,0.0
2025-11-27T03:17:44.273728,43.94238406419754,0.7323730677366257,31.084300994873047,7,1215,0.2251940618241523,39.08725501662072,616,60195,1.0,2025/11/27 03:17:43.234,1.4,98.4,117.80466079711914,119.69921493530273,75610.86865234375,8968.0380859375,65.0,45.53,94.0,0.0
2025-11-27T03:18:15.371429,44.46038047472636,0.7410063412454393,31.079784631729126,6,396,0.1930515307971164,12.741401032609682,622,60591,1.0,2025/11/27 03:18:14.332,1.0,98.4,117.82560729980469,119.69921493530273,75610.95068359375,8969.4755859375,65.0,45.54,93.0,0.0
2025-11-27T03:18:46.479232,44.978612999121346,0.7496435499853558,31.09395146369934,8,614,0.257284765152464,19.746605725451616,630,61205,1.0,2025/11/27 03:18:45.446,1.0,98.4,117.8150520324707,119.69921493530273,75611.16552734375,8970.9482421875,65.0,44.86,94.0,0.0
2025-11-27T03:19:17.561152,45.497081180413566,0.758284686340226,31.10809087753296,9,938,0.2893138005617704,30.152927214104515,639,62143,1.0,2025/11/27 03:19:16.533,1.2,98.4,117.79553604125977,119.69921493530273,75611.37255859375,8971.6748046875,66.0,45.31,93.0,0.0
2025-11-27T03:19:48.660845,46.01512945493062,0.7669188242488437,31.08289647102356,7,384,0.22520423753061808,12.35406103025105,646,62527,1.0,2025/11/27 03:19:47.625,0.9,98.5,117.89819717407227,119.69921493530273,75611.54052734375,8972.3271484375,66.0,45.47,92.0,0.0
2025-11-27T03:20:19.770689,46.53344715833664,0.775557452638944,31.099062204360962,6,586,0.19293186272217017,18.843011925865287,652,63113,1.0,2025/11/27 03:20:18.728,1.1,98.4,117.80345153808594,119.69921493530273,75612.38818359375,8973.7099609375,65.0,45.55,93.0,0.0
2025-11-27T03:20:50.874858,47.05201091766357,0.7842001819610596,31.11382555961609,9,863,0.28926047627140616,27.736865669135945,661,63976,1.0,2025/11/27 03:20:49.832,1.0,98.4,117.80953216552734,119.69921493530273,75613.89208984375,8974.4169921875,65.0,45.63,92.0,0.0
2025-11-27T03:21:21.949950,47.57034458319346,0.7928390763865577,31.100019931793213,8,913,0.2572345618280999,29.3568943686319,669,64889,1.0,2025/11/27 03:21:20.912,1.0,98.4,117.8415412902832,119.69921493530273,75614.45849609375,8975.0966796875,66.0,45.52,94.0,0.0
2025-11-27T03:21:53.019381,48.08825110197067,0.8014708516995112,31.07439112663269,6,657,0.19308503827312729,21.14281169090744,675,65546,1.0,2025/11/27 03:21:51.984,1.8,98.5,117.92355346679688,119.69921493530273,75614.82177734375,8975.8388671875,65.0,45.1,92.0,0.0
2025-11-27T03:22:24.114893,48.60609263976415,0.8101015439960692,31.070492267608643,8,929,0.2574790232190848,29.89975157131622,683,66475,1.0,2025/11/27 03:22:23.077,1.2,98.4,117.82849884033203,119.69921493530273,75615.55615234375,8976.6865234375,65.0,45.43,94.0,0.0
2025-11-27T03:22:55.189584,49.1243451833725,0.8187390863895416,31.095152616500854,8,839,0.25727482668005125,26.981697448070378,691,67314,1.0,2025/11/27 03:22:54.155,1.6,98.4,117.79386901855469,119.69921493530273,75616.33740234375,8977.7958984375,65.0,45.48,91.0,0.0
2025-11-27T03:23:26.268850,49.64228918949763,0.8273714864916272,31.076640367507935,6,404,0.19307106331459425,13.00011826318268,697,67718,1.0,2025/11/27 03:23:25.236,1.5,98.4,117.82705307006836,119.69921493530273,75616.88037109375,8979.2998046875,65.0,45.11,90.0,0.0
2025-11-27T03:23:57.368479,50.16024142106374,0.8360040236843956,31.077133893966675,7,976,0.22524599674743437,31.40572754649942,704,68694,1.0,2025/11/27 03:23:56.338,1.5,98.4,117.8224983215332,119.69921493530273,75617.09521484375,8980.0068359375,65.0,45.54,93.0,0.0
2025-11-27T03:24:28.467667,50.67858235836029,0.8446430393060048,31.10045623779297,8,726,0.25723095310346217,23.34370899413919,712,69420,1.0,2025/11/27 03:24:27.439,1.5,98.4,117.78459548950195,119.69921493530273,75617.21240234375,8982.6748046875,65.0,45.55,93.0,0.0
2025-11-27T03:24:59.555040,51.19694936275482,0.853282489379247,31.102020263671875,7,356,0.22506576552444144,11.446201789528736,719,69776,1.0,2025/11/27 03:24:58.514,0.9,98.4,117.80455780029297,119.69921493530273,75617.28662109375,8983.3583984375,65.0,45.55,93.0,0.0
2025-11-27T03:25:30.641200,51.71503636439641,0.8619172727399402,31.085220098495483,7,1074,0.2251874034611966,34.55018161676074,726,70850,1.0,2025/11/27 03:25:29.606,1.2,98.5,117.84475708007812,119.69921493530273,75617.43505859375,8984.3779296875,66.0,45.44,93.0,0.0
2025-11-27T03:26:01.720557,52.23312777678172,0.8705521296130286,31.085484743118286,7,684,0.22518548634020133,22.003838950956816,733,71534,1.0,2025/11/27 03:26:00.684,1.6,98.5,117.8450698852539,119.69921493530273,75618.42626953125,8985.5615234375,65.0,44.9,93.0,0.0
2025-11-27T03:26:32.845342,52.751198784510294,0.8791866464085049,31.0842604637146,8,582,0.2573649776657415,18.723302125182695,741,72116,1.0,2025/11/27 03:26:31.784,1.2,98.4,117.83555603027344,119.69921493530273,75619.00439453125,8987.2880859375,65.0,45.37,94.0,0.0
2025-11-27T03:27:03.942511,53.269857267538704,0.8878309544589784,31.119508981704712,8,630,0.25707346490277955,20.24453536109389,749,72746,1.0,2025/11/27 03:27:02.908,1.1,98.4,117.78707504272461,119.69921493530273,75620.43408203125,8988.9287109375,65.0,45.0,94.0,0.0
2025-11-27T03:27:35.016508,53.788153024514514,0.896469217075242,31.097745418548584,6,393,0.19294003212275432,12.637572104040409,755,73139,1.0,2025/11/27 03:27:33.983,1.7,98.4,117.83119201660156,119.69921493530273,75621.49267578125,8989.5966796875,65.0,45.19,93.0,0.0
2025-11-27T03:28:05.738800,54.29974031448364,0.9049956719080607,30.695237398147583,10,1069,0.32578343898403883,34.82624962739375,765,74208,1.0,2025/11/27 03:28:04.693,1.6,98.5,117.85847473144531,119.69921493530273,75622.25830078125,8990.7763671875,65.0,44.9,93.0,0.0
2025-11-27T03:28:36.848795,54.81825768152873,0.9136376280254788,30.003212928771973,6,732,0.19997858276858815,24.397387097767755,771,74940,1.0,2025/11/27 03:28:35.800,1.6,98.5,117.86026000976562,119.69921493530273,75623.36376953125,8991.9482421875,65.0,44.6,92.0,0.0
2025-11-27T03:29:07.939319,55.3365462064743,0.9222757701079051,31.09731149673462,7,1285,0.2250998450697269,41.32190013065701,778,76225,1.0,2025/11/27 03:29:06.902,1.6,98.4,117.84310531616211,119.69921493530273,75623.59423828125,8993.1591796875,65.0,45.12,93.0,0.0
2025-11-27T03:29:39.027644,55.854880285263064,0.930914671421051,31.10004472732544,7,479,0.2250800621469714,15.401907109771328,785,76704,1.0,2025/11/27 03:29:37.988,1.2,98.4,117.83743667602539,119.69921493530273,75623.80908203125,8994.7138671875,65.0,45.54,94.0,0.0
2025-11-27T03:30:10.119519,56.372896655400595,0.9395482775900099,31.080982208251953,8,719,0.25739212314455145,23.133117067616563,793,77423,1.0,2025/11/27 03:30:09.072,1.3,98.5,117.8469352722168,119.69921493530273,75624.27001953125,8995.4365234375,66.0,45.31,93.0,0.0
2025-11-27T03:30:41.222601,56.89108370542526,0.9481847284237543,31.091223001480103,8,1030,0.2573073436068809,33.12832048938592,801,78453,1.0,2025/11/27 03:30:40.179,0.9,98.5,117.86145401000977,119.69921493530273,75624.75830078125,8997.6435546875,65.0,45.4,94.0,0.0
2025-11-27T03:31:12.314283,57.40952386856079,0.9568253978093465,31.106409788131714,6,584,0.19288629066698754,18.77426562492012,807,79037,1.0,2025/11/27 03:31:11.276,1.1,98.4,117.82661437988281,119.69921493530273,75625.13330078125,8999.3232421875,66.0,45.69,93.0,0.0
2025-11-27T03:31:43.410072,57.92773234844208,0.965462205807368,31.092508792877197,9,843,0.28945879086031673,27.11264007724967,816,79880,1.0,2025/11/27 03:31:42.377,1.6,98.5,117.85963439941406,119.69921493530273,75625.38720703125,9000.0146484375,65.0,45.62,92.0,0.0
2025-11-27T03:32:14.471710,58.4459254860878,0.9740987581014633,31.091588258743286,6,347,0.19297824061183932,11.160574915384707,822,80227,1.0,2025/11/27 03:32:13.438,1.7,98.5,117.85783004760742,119.69921493530273,75625.53564453125,9000.7255859375,65.0,45.42,93.0,0.0
2025-11-27T03:32:45.539934,58.963654935359955,0.9827275822559992,31.063766956329346,9,1177,0.2897266134095247,37.889802664778955,831,81404,1.0,2025/11/27 03:32:44.507,1.0,98.5,117.86904525756836,119.69921493530273,75626.38330078125,9001.4560546875,65.0,44.41,78.0,0.0
2025-11-27T03:33:16.626259,59.48137644926707,0.9913562741544512,31.06329083442688,8,759,0.25753871483357926,24.43398556983583,839,82163,1.0,2025/11/27 03:33:15.577,1.2,98.5,117.86302947998047,119.69921493530273,75627.77783203125,9002.1708984375,66.0,44.84,94.0,0.0
2025-11-27T03:33:47.699670,59.99953447182973,0.9999922411971622,31.089481353759766,7,739,0.22515653832718133,23.770097403398143,846,82902,1.0,2025/11/27 03:33:46.663,1.3,98.5,117.85750961303711,119.69921493530273,75629.07861328125,9002.8974609375,66.0,45.47,94.0,0.0
2025-11-27T03:34:18.788018,60.51748319466909,1.0086247199111515,31.076923370361328,7,459,0.22524752262561606,14.769801840736825,853,83361,1.0,2025/11/27 03:34:17.748,1.1,98.4,117.84240341186523,119.69921493530273,75639.43017578125,9004.8623046875,66.0,45.48,94.0,0.0
2025-11-27T03:34:49.866579,61.03557772636414,1.0172596287727356,31.08567190170288,9,701,0.28952245357472806,22.550582217320482,862,84062,1.0,2025/11/27 03:34:48.826,1.1,98.5,117.86537170410156,119.69921493530273,75641.02001953125,9006.5693359375,65.0,44.72,94.0,0.0
2025-11-27T03:35:20.962436,61.55355140368144,1.0258925233946907,31.078420639038086,7,303,0.22523667084958596,9.74953018106065,869,84365,1.0,2025/11/27 03:35:19.910,1.1,98.4,117.83479690551758,119.69921493530273,75644.20751953125,9007.6005859375,64.0,44.44,94.0,0.0
2025-11-27T03:35:52.047962,62.071797962983446,1.0345299660497242,31.094793558120728,8,782,0.25727779748872837,25.148904704523197,877,85147,1.0,2025/11/27 03:35:51.006,1.1,98.5,117.86746597290039,119.69921493530273,75645.58642578125,9008.4755859375,65.0,44.85,94.0,0.0
2025-11-27T03:36:23.135775,62.59010616540909,1.0431684360901514,31.09849214553833,9,442,0.2894030989631509,14.212907749079188,886,85589,1.0,2025/11/27 03:36:22.097,1.1,98.4,117.82843017578125,119.69921493530273,75646.05908203125,9012.5107421875,65.0,45.15,92.0,0.0
2025-11-27T03:36:54.224734,63.10803280671438,1.051800546778573,31.07559847831726,6,432,0.19307753651748494,13.901582629258915,892,86021,1.0,2025/11/27 03:36:53.185,1.3,98.4,117.83703231811523,119.69921493530273,75646.64501953125,9013.5107421875,65.0,45.28,92.0,0.0
2025-11-27T03:37:25.321191,63.62628685235977,1.0604381142059962,31.095242738723755,6,521,0.1929555607722604,16.754974527057943,898,86542,1.0,2025/11/27 03:37:24.285,1.7,98.5,117.85107421875,119.69921493530273,75647.06689453125,9014.3662109375,66.0,45.62,94.0,0.0
2025-11-27T03:37:56.437137,64.14451409975688,1.069075234995948,31.093634843826294,8,708,0.2572873850285283,22.76993357502476,906,87250,1.0,2025/11/27 03:37:55.382,1.3,98.5,117.84603881835938,119.69921493530273,75647.34423828125,9015.1708984375,66.0,45.73,94.0,0.0
2025-11-27T03:38:27.512084,64.66305890083314,1.0777176483472188,31.112688064575195,8,944,0.257129823800367,30.341319208443302,914,88194,1.0,2025/11/27 03:38:26.475,1.0,98.4,117.83495330810547,119.69921493530273,75647.56689453125,9016.7294921875,66.0,45.64,95.0,0.0
2025-11-27T03:38:58.620381,65.18097939888636,1.0863496566481061,31.07522988319397,6,338,0.19307982668359616,10.876830236509251,920,88532,1.0,2025/11/27 03:38:57.580,1.8,98.4,117.8310661315918,119.69921493530273,75647.73486328125,9017.4130859375,66.0,45.27,93.0,0.0
2025-11-27T03:39:29.717194,65.69948707421621,1.0949914512369368,31.11046051979065,8,829,0.25714823459173386,26.64698580956842,928,89361,1.0,2025/11/27 03:39:28.678,0.9,98.5,117.85314559936523,119.69921493530273,75648.05517578125,9018.1162109375,65.0,45.71,94.0,0.0
2025-11-27T03:40:00.794171,66.21771488984426,1.1036285814974043,31.093668937683105,9,1481,0.28944799078029354,47.63027492729053,937,90842,1.0,2025/11/27 03:39:59.754,1.9,98.4,117.82789611816406,119.69921493530273,75649.52001953125,9019.0576171875,64.0,44.92,90.0,0.0
2025-11-27T03:40:31.893764,66.73582636117935,1.1122637726863225,31.08668828010559,7,628,0.22517676816927967,20.201572915758234,944,91470,1.0,2025/11/27 03:40:30.865,1.7,98.4,117.83431243896484,119.69921493530273,75650.14892578125,9019.7373046875,65.0,44.55,83.0,0.0
2025-11-27T03:41:03.001562,67.25413501262665,1.1209022502104442,31.09851908683777,4,249,0.12862348810985574,8.00681213483852,948,91719,1.0,2025/11/27 03:41:01.962,1.7,98.5,117.86686325073242,119.69921493530273,75651.78564453125,9020.6552734375,65.0,45.4,94.0,0.0
2025-11-27T03:41:34.085781,67.77258561849594,1.129543093641599,31.107036352157593,9,847,0.2893236082702478,27.228566244988873,957,92566,1.0,2025/11/27 03:41:33.065,2.0,98.4,117.82307052612305,119.69921493530273,75652.68017578125,9021.6669921875,65.0,44.75,93.0,0.0
2025-11-27T03:42:05.189799,68.29059625466665,1.1381766042444441,31.08063817024231,9,917,0.28956934380507393,29.503898696583647,966,93483,1.0,2025/11/27 03:42:04.154,1.5,98.5,117.86553573608398,119.69921493530273,75653.49267578125,9022.3232421875,65.0,44.83,93.0,0.0
2025-11-27T03:42:36.278858,68.80910781224568,1.1468184635374281,31.11069345474243,5,504,0.1607164432793385,16.20021748255732,971,93987,1.0,2025/11/27 03:42:35.239,1.8,98.5,117.8451042175293,119.69921493530273,75654.45751953125,9023.0380859375,65.0,44.73,92.0,0.0
2025-11-27T03:43:07.361833,69.32716393868128,1.1554527323113548,31.083367586135864,7,538,0.22520082422221893,17.308291918793397,978,94525,1.0,2025/11/27 03:43:06.319,1.9,98.4,117.83655166625977,119.69921493530273,75655.12158203125,9023.7294921875,65.0,44.2,90.0,0.0
2025-11-27T03:43:38.466921,69.84517871141433,1.1640863118569056,31.080886363983154,9,681,0.28956703147402163,21.910572048200972,987,95206,1.0,2025/11/27 03:43:37.427,1.0,98.5,117.9109878540039,119.69921493530273,75655.53173828125,9024.4248046875,65.0,45.27,94.0,0.0
2025-11-27T03:44:09.557324,70.36355077823004,1.172725846303834,31.10232400894165,9,880,0.2893674439701862,28.293705632640428,996,96086,1.0,2025/11/27 03:44:08.520,1.8,98.5,117.86190414428711,119.69921493530273,75655.93017578125,9025.1318359375,65.0,44.83,93.0,0.0
2025-11-27T03:44:40.660597,70.88175013860067,1.1813625023100112,31.09196162223816,4,401,0.12865061550632584,12.897224204509165,1000,96487,1.0,2025/11/27 03:44:39.604,1.5,98.5,117.86422348022461,119.69921493530273,75656.17236328125,9025.9052734375,65.0,45.17,91.0,0.0
2025-11-27T03:45:11.761863,71.40019931395848,1.190003321899308,31.106950521469116,8,563,0.25717725028940497,18.098848989116878,1008,97050,1.0,2025/11/27 03:45:10.717,1.2,98.5,117.85990142822266,119.69921493530273,75656.37939453125,9026.8193359375,65.0,45.09,93.0,0.0
2025-11-27T03:45:42.846339,71.91852375268937,1.1986420625448226,31.09946632385254,9,578,0.28939403352710324,18.585527930962854,1017,97628,1.0,2025/11/27 03:45:41.799,1.6,98.5,117.88467788696289,119.69921493530273,75656.61376953125,9027.5654296875,65.0,45.19,93.0,0.0
2025-11-27T03:46:13.946925,72.43661218086878,1.2072768696811464,31.08530569076538,9,646,0.28952586439172967,20.781523155228594,1026,98274,1.0,2025/11/27 03:46:12.913,1.5,98.5,117.85405731201172,119.69921493530273,75656.96923828125,9028.2412109375,65.0,45.09,91.0,0.0
2025-11-27T03:46:45.061502,72.95487724542618,1.215914620757103,31.095903873443604,4,526,0.12863430554324756,16.915411178937056,1030,98800,1.0,2025/11/27 03:46:44.003,1.6,98.5,117.90097045898438,119.69921493530273,75657.34814453125,9028.9287109375,65.0,44.78,92.0,0.0
2025-11-27T03:47:16.144863,73.473523803552,1.2245587300591998,31.118793487548828,8,613,0.2570793756255666,19.698707157309038,1038,99413,1.0,2025/11/27 03:47:15.109,1.4,98.5,117.88752365112305,119.69921493530273,75658.52392578125,9029.6513671875,65.0,44.78,93.0,0.0
2025-11-27T03:47:47.238261,73.99152791500092,1.2331921319166819,31.080246686935425,9,1139,0.28957299118810237,36.64707077369429,1047,100552,1.0,2025/11/27 03:47:46.202,1.5,98.6,117.97591400146484,119.69921493530273,75659.41845703125,9030.3505859375,65.0,44.22,92.0,0.0
2025-11-27T03:48:18.304006,74.50973027547201,1.2418288379245335,31.09214162826538,7,629,0.22513727371022937,20.230192166247754,1054,101181,1.0,2025/11/27 03:48:17.269,1.7,98.5,117.95394134521484,119.69921493530273,75659.91845703125,9031.0888671875,65.0,45.03,93.0,0.0
2025-11-27T03:48:49.402863,75.02751030921937,1.250458505153656,31.06680202484131,6,254,0.1931322057288788,8.175930042522536,1060,101435,1.0,2025/11/27 03:48:48.363,1.6,98.4,117.84208679199219,119.69921493530273,75660.17236328125,9031.8037109375,64.0,45.04,93.0,0.0
2025-11-27T03:49:20.493509,75.54585653543472,1.259097608923912,31.100773572921753,7,812,0.22507478740318634,26.10867533876962,1067,102247,1.0,2025/11/27 03:49:19.458,1.6,98.5,117.8574333190918,119.69921493530273,75660.51611328125,9032.5458984375,65.0,44.8,93.0,0.0
2025-11-27T03:49:51.576311,76.06403291225433,1.2677338818709056,31.090582609176636,9,718,0.2894767239692568,23.093809756658484,1076,102965,1.0,2025/11/27 03:49:50.549,1.4,98.5,117.8648681640625,119.69921493530273,75660.67236328125,9033.7177734375,65.0,44.78,93.0,0.0
2025-11-27T03:50:22.650253,76.58209603230158,1.2763682672050265,31.083787202835083,7,421,0.22519778411562236,13.544038158953859,1083,103386,1.0,2025/11/27 03:50:21.614,1.8,98.5,117.85235977172852,119.69921493530273,75660.87548828125,9034.6904296875,65.0,44.9,94.0,0.0
2025-11-27T03:50:53.739828,77.09997496207555,1.2849995827012592,31.07273578643799,7,667,0.22527787859140555,21.4657635743525,1090,104053,1.0,2025/11/27 03:50:52.715,1.6,98.5,117.84955596923828,119.69921493530273,75661.64892578125,9035.3740234375,65.0,44.85,93.0,0.0
2025-11-27T03:51:24.838173,77.6181989510854,1.2936366491847568,31.09343934059143,8,804,0.25728900274973027,25.857544776347893,1098,104857,1.0,2025/11/27 03:51:23.795,1.6,98.5,117.85282897949219,119.69921493530273,75661.75439453125,9036.0302734375,65.0,45.09,94.0,0.0
2025-11-27T03:51:55.936578,78.13643180529276,1.302273863421546,31.093971252441406,9,455,0.28944517658847924,14.633061705306451,1107,105312,1.0,2025/11/27 03:51:54.906,1.5,98.5,117.91542434692383,119.69921493530273,75662.05126953125,9036.7373046875,65.0,44.93,93.0,0.0
2025-11-27T03:52:27.024724,78.65484231710434,1.3109140386184057,31.104630708694458,6,435,0.19289732310896276,13.9850559253998,1113,105747,1.0,2025/11/27 03:52:25.989,1.0,98.5,117.87393951416016,119.69921493530273,75662.69970703125,9037.4365234375,65.0,45.49,94.0,0.0
2025-11-27T03:52:58.103396,79.17286523977916,1.3195477539963192,31.08137536048889,7,650,0.22521525893923294,20.912845472928772,1120,106397,1.0,2025/11/27 03:52:57.065,0.8,98.6,118.00149154663086,119.69921493530273,75662.80517578125,9038.1279296875,65.0,45.41,92.0,0.0
2025-11-27T03:53:29.188804,79.69082787036896,1.3281804645061492,31.077757835388184,6,268,0.19306412102766987,8.623530739235921,1126,106665,1.0,2025/11/27 03:53:28.147,1.3,98.8,118.23204803466797,119.69921493530273,76099.89111328125,9061.7568359375,63.0,44.75,93.0,0.0
2025-11-27T03:54:00.260419,80.20893786350887,1.3368156310584811,31.086599588394165,7,744,0.22517741061049892,23.933141927744458,1133,107409,1.0,2025/11/27 03:53:59.230,2.0,98.8,118.25568771362305,119.69921493530273,76103.02392578125,9062.9208984375,64.0,44.72,93.0,0.0
2025-11-27T03:54:31.332406,80.72695824305217,1.3454493040508695,31.081222772598267,7,669,0.22521636459461689,21.524249701971243,1140,108078,1.0,2025/11/27 03:54:30.301,1.7,98.8,118.23763275146484,119.69921493530273,76118.60107421875,9064.5029296875,64.0,44.69,89.0,0.0
2025-11-27T03:55:02.415630,81.2447614232699,1.3540793570544984,31.068190813064575,8,709,0.25749809662672396,22.820768813543413,1148,108787,1.0,2025/11/27 03:55:01.374,1.5,98.8,118.24822235107422,119.69921493530273,76125.91455078125,9066.2880859375,65.0,45.03,93.0,0.0
2025-11-27T03:55:33.490385,81.76273045539855,1.3627121742566426,31.078141927719116,7,415,0.22523869079047426,13.353436668292403,1155,109202,1.0,2025/11/27 03:55:32.452,1.7,98.8,118.25711441040039,119.69921493530273,76127.36083984375,9067.2412109375,65.0,44.96,93.0,0.0
2025-11-27T03:56:04.568579,82.28076017300288,1.3713460028833813,31.081783056259155,7,392,0.22521230481950621,12.611889069892348,1162,109594,1.0,2025/11/27 03:56:03.533,2.0,98.8,118.26139831542969,119.69921493530273,76127.56005859375,9067.9208984375,65.0,44.7,90.0,0.0
2025-11-27T03:56:35.640505,82.79858884016673,1.3799764806694454,31.069720029830933,7,950,0.22529974500185707,30.576393964537743,1169,110544,1.0,2025/11/27 03:56:34.602,1.5,98.8,118.26700210571289,119.69921493530273,76127.83740234375,9068.6318359375,65.0,45.1,94.0,0.0
2025-11-27T03:57:06.707288,83.31651083230972,1.3886085138718287,31.075319528579712,8,854,0.2574390262549824,27.48161605271937,1177,111398,1.0,2025/11/27 03:57:05.677,1.7,98.8,118.23282241821289,119.69921493530273,76128.25537109375,9072.0654296875,64.0,45.05,93.0,0.0
2025-11-27T03:57:37.803142,83.83425972064336,1.3972376620107227,31.06493330001831,7,411,0.2253344609626403,13.230351922235021,1184,111809,1.0,2025/11/27 03:57:36.742,1.5,98.8,118.24464797973633,119.69921493530273,76135.14208984375,9079.5146484375,64.0,45.25,93.0,0.0
2025-11-27T03:58:08.871778,84.35249917109807,1.405874986184968,31.094367027282715,6,623,0.1929609949845739,20.035783312564924,1190,112432,1.0,2025/11/27 03:58:07.845,1.6,98.8,118.24819946289062,119.69921493530273,76135.31396484375,9083.9990234375,65.0,45.02,92.0,0.0
2025-11-27T03:58:39.940460,84.87036024332046,1.414506004055341,31.071664333343506,8,1203,0.2574693107576819,38.71694760518641,1198,113635,1.0,2025/11/27 03:58:38.910,1.1,98.8,118.24671173095703,119.69921493530273,76135.94287109375,9093.1083984375,65.0,45.38,94.0,0.0
2025-11-27T03:59:11.012539,85.38818815946578,1.4231364693244297,31.069674968719482,7,907,0.2253000717596017,29.192452155136962,1205,114542,1.0,2025/11/27 03:59:09.975,1.1,98.8,118.23808288574219,119.69921493530273,76136.13427734375,9096.9912109375,65.0,45.36,93.0,0.0
2025-11-27T03:59:42.076102,85.9059774239858,1.4317662903997632,31.06735587120056,9,905,0.28969314406132,29.13025504172162,1214,115447,1.0,2025/11/27 03:59:41.041,1.2,98.8,118.24474716186523,119.69921493530273,76136.39990234375,9101.5498046875,65.0,45.62,93.0,0.0
2025-11-27T04:00:13.152242,86.42369483311971,1.4403949138853285,31.063044548034668,6,548,0.1931555675658848,17.641541837684144,1220,115995,1.0,2025/11/27 04:00:12.120,1.4,98.8,118.24014663696289,119.69921493530273,76140.40380859375,9106.6787109375,65.0,45.39,93.0,0.0
2025-11-27T04:00:44.226038,86.94169183174769,1.4490281971957948,31.079819917678833,8,537,0.25740174882575295,17.278092389928666,1228,116532,1.0,2025/11/27 04:00:43.188,1.5,98.8,118.22190475463867,119.69921493530273,76140.78271484375,9114.8935546875,65.0,45.07,94.0,0.0
2025-11-27T04:01:15.319643,87.4596311211586,1.4576605186859766,31.07635736465454,6,465,0.1930728215535405,14.963143670399388,1234,116997,1.0,2025/11/27 04:01:14.259,1.8,98.8,118.23954010009766,119.69921493530273,76146.31591796875,9119.1474609375,65.0,45.14,92.0,0.0
2025-11-27T04:01:46.394825,87.9777625521024,1.4662960425350402,31.087885856628418,8,1010,0.2573349643939932,32.488539254741646,1242,118007,1.0,2025/11/27 04:01:45.356,1.6,98.8,118.25005722045898,119.69921493530273,76146.46826171875,9123.9130859375,65.0,45.03,94.0,0.0
2025-11-27T04:02:17.466356,88.49569003184637,1.4749281671974395,31.07564878463745,7,798,0.22525676128314714,25.679270786278774,1249,118805,1.0,2025/11/27 04:02:16.428,1.8,98.8,118.21810150146484,119.69921493530273,76146.62060546875,9128.6982421875,65.0,44.94,93.0,0.0
2025-11-27T04:02:48.539418,89.01353014707566,1.4835588357845941,31.070406913757324,8,784,0.2574797305424979,25.233013593164795,1257,119589,1.0,2025/11/27 04:02:47.503,1.7,98.8,118.23054122924805,119.69921493530273,76146.76904296875,9129.4169921875,65.0,45.08,93.0,0.0
2025-11-27T04:03:19.608514,89.53146209319432,1.4921910348865721,31.07591676712036,8,530,0.25743407861306733,17.05500770811571,1265,120119,1.0,2025/11/27 04:03:18.574,1.8,98.8,118.25304794311523,119.69921493530273,76146.90576171875,9134.2216796875,65.0,45.08,90.0,0.0
2025-11-27T04:03:50.689592,90.04929565588633,1.5008215942647722,31.070013761520386,6,340,0.19311224147029135,10.943027016649843,1271,120459,1.0,2025/11/27 04:03:49.649,1.8,98.8,118.23815536499023,119.69921493530273,76147.46533203125,9135.0068359375,65.0,45.0,92.0,0.0
2025-11-27T04:04:21.756320,90.56731409231821,1.5094552348719703,31.081106185913086,8,612,0.25739109644771413,19.69041887825013,1279,121071,1.0,2025/11/27 04:04:20.722,1.6,98.8,118.23405456542969,119.69921493530273,76147.58642578125,9135.7373046875,65.0,45.09,94.0,0.0
2025-11-27T04:04:52.836972,91.08513966798782,1.5180856611331304,31.06953454017639,6,398,0.19311522006360693,12.809976264219259,1285,121469,1.0,2025/11/27 04:04:51.802,1.6,98.7,118.19902038574219,119.69921493530273,76147.71533203125,9136.3857421875,65.0,45.16,92.0,0.0
2025-11-27T04:05:22.433032,91.57817845344543,1.5263029742240906,29.582327127456665,10,912,0.3380396666196879,30.829217595715534,1295,122381,1.0,2025/11/27 04:05:21.375,1.6,98.8,118.21948623657227,119.69921493530273,76147.91455078125,9137.3154296875,64.0,44.86,88.0,0.0
2025-11-27T04:05:53.914399,92.10309283733368,1.5350515472888946,30.396849393844604,5,163,0.1644907317602628,5.362397855384567,1300,122544,1.0,2025/11/27 04:05:52.870,1.4,98.7,118.19617080688477,119.69921493530273,76150.73876953125,9147.5185546875,65.0,45.04,93.0,0.0
2025-11-27T04:06:24.982474,92.62102360328039,1.5436837267213397,31.075845956802368,9,1139,0.2896139983609984,36.65226045924191,1309,123683,1.0,2025/11/27 04:06:23.954,1.5,98.8,118.21212768554688,119.69921493530273,76153.47705078125,9151.0615234375,65.0,45.05,93.0,0.0
2025-11-27T04:06:56.062614,93.13887009620666,1.5523145016034443,31.070789575576782,6,703,0.19310741960404845,22.625752663607678,1315,124386,1.0,2025/11/27 04:06:55.021,1.7,98.7,118.19837951660156,119.69921493530273,76153.60986328125,9154.9091796875,65.0,45.34,90.0,0.0
2025-11-27T04:07:27.145942,93.65684852202733,1.5609474753671222,31.078705549240112,8,660,0.2574109783087669,21.23640571047327,1323,125046,1.0,2025/11/27 04:07:26.101,1.7,98.8,118.2167854309082,119.69921493530273,76153.90380859375,9155.6123046875,65.0,45.18,93.0,0.0
2025-11-27T04:07:58.224680,94.1748972137769,1.5695816202296151,31.082921504974365,7,606,0.22520405615282182,19.496236861230003,1330,125652,1.0,2025/11/27 04:07:57.183,1.7,98.8,118.22365951538086,119.69921493530273,76154.01708984375,9158.6513671875,65.0,45.14,93.0,0.0
2025-11-27T04:08:29.298310,94.69287660519282,1.578214610086547,31.078763484954834,8,405,0.25741049845412234,13.031406484239943,1338,126057,1.0,2025/11/27 04:08:28.258,1.6,98.7,118.19826889038086,119.69921493530273,76154.15380859375,9161.8349609375,65.0,45.22,89.0,0.0
2025-11-27T04:09:00.387309,95.21082235574723,1.5868470392624536,31.07674503326416,7,810,0.2252488152316881,26.06450576252391,1345,126867,1.0,2025/11/27 04:08:59.338,1.6,98.8,118.22275161743164,119.69921493530273,76154.35693359375,9162.5458984375,65.0,45.33,93.0,0.0
2025-11-27T04:09:31.461895,95.72890021006266,1.595481670167711,31.08467125892639,8,800,0.25736157649415997,25.736157649415997,1353,127667,1.0,2025/11/27 04:09:30.429,2.1,98.7,118.16791915893555,119.69921493530273,76154.48193359375,9166.6005859375,65.0,44.95,92.0,0.0
2025-11-27T04:10:02.537208,96.24684617916743,1.604114102986124,31.07675814628601,6,410,0.1930703315885303,13.193139325216237,1359,128077,1.0,2025/11/27 04:10:01.499,1.6,98.7,118.18941497802734,119.69921493530273,76154.82861328125,9167.2451171875,65.0,45.13,93.0,0.0
2025-11-27T04:10:33.606168,96.76474483807881,1.6127457473013136,31.073919534683228,9,893,0.289631952929357,28.73792599621287,1368,128970,1.0,2025/11/27 04:10:32.575,1.6,98.8,118.21218872070312,119.69921493530273,76155.25732421875,9168.3115234375,65.0,44.98,93.0,0.0
2025-11-27T04:11:04.690172,97.2827032049497,1.6213783867491616,31.077502012252808,7,533,0.2252433286703718,17.15067059732974,1375,129503,1.0,2025/11/27 04:11:03.652,1.6,98.8,118.21132278442383,119.69921493530273,76155.37451171875,9169.0341796875,65.0,45.24,93.0,0.0
2025-11-27T04:11:35.781102,97.80069943666459,1.630011657277743,31.079773902893066,5,1018,0.16087633119926184,32.75442103216971,1380,130521,1.0,2025/11/27 04:11:34.734,1.0,98.7,118.20198822021484,119.69921493530273,76155.54638671875,9171.6748046875,65.0,45.54,94.0,0.0
2025-11-27T04:12:06.858226,98.31879621744156,1.638646603624026,31.085806846618652,9,967,0.2895211967444548,31.107444139098646,1389,131488,1.0,2025/11/27 04:12:05.821,1.4,98.8,118.2031364440918,119.69921493530273,76156.45947265625,9174.3115234375,65.0,45.08,93.0,0.0
2025-11-27T04:12:37.939849,98.83692917823791,1.6472821529706319,31.087977647781372,7,233,0.2251674290077072,7.494858708399397,1396,131721,1.0,2025/11/27 04:12:36.904,1.8,98.8,118.20425033569336,119.69921493530273,76156.54150390625,9176.7255859375,65.0,44.96,93.0,0.0
2025-11-27T04:13:09.039317,99.35484613577525,1.655914102262921,31.07501745223999,9,557,0.2896217198858323,17.924366441823175,1405,132278,1.0,2025/11/27 04:13:07.991,1.4,98.7,118.20049285888672,119.69921493530273,76156.97509765625,9179.9677734375,65.0,45.55,94.0,0.0
2025-11-27T04:13:40.114971,99.87314824660619,1.6645524707767698,31.098126649856567,5,685,0.1607813890623235,22.02705030153832,1410,132963,1.0,2025/11/27 04:13:39.082,1.4,98.7,118.19722366333008,119.69921493530273,76157.11962890625,9183.6318359375,65.0,45.5,92.0,0.0
2025-11-27T04:14:11.193111,100.39108103116354,1.6731846838527256,31.07596707344055,9,545,0.2896128696085522,17.53766821518455,1419,133508,1.0,2025/11/27 04:14:10.154,1.2,98.7,118.20121002197266,119.69921493530273,76157.18212890625,9185.6865234375,65.0,45.53,94.0,0.0
2025-11-27T04:14:42.274786,100.90904715458552,1.6818174525764253,31.077967405319214,7,793,0.22523995564786842,25.51646926125138,1426,134301,1.0,2025/11/27 04:14:41.238,1.3,98.8,118.2119369506836,119.69921493530273,76157.21337890625,9186.3701171875,66.0,45.45,94.0,0.0
2025-11-27T04:15:09.794753,101.36780010461807,1.6894633350769679,27.525177001953125,10,774,0.36330374911995744,28.119710181884706,1436,135075,1.0,2025/11/27 04:15:08.757,1.0,98.8,118.2881088256836,119.69921493530273,76157.26806640625,9187.2724609375,66.0,45.28,93.0,0.0
2025-11-27T04:15:43.356646,101.92713324626287,1.698785554104381,32.47652053833008,4,400,0.1231659036650506,12.31659036650506,1440,135475,1.0,2025/11/27 04:15:42.322,1.0,98.8,118.28987121582031,119.69921493530273,76157.38916015625,9188.0107421875,66.0,45.2,94.0,0.0
2025-11-27T04:16:14.425169,102.44503393570582,1.7074172322617638,31.07404136657715,9,790,0.28963081737029184,25.423149524725616,1449,136265,1.0,2025/11/27 04:16:13.388,1.6,98.7,118.18751907348633,119.69921493530273,76157.63134765625,9191.1240234375,65.0,45.29,93.0,0.0
2025-11-27T04:16:45.503706,102.96291103363038,1.7160485172271729,31.072625875473022,8,869,0.2574613433721657,27.966738423801498,1457,137134,1.0,2025/11/27 04:16:44.464,1.7,98.8,118.20440292358398,119.69921493530273,76157.63134765625,9191.8076171875,65.0,45.08,93.0,0.0
2025-11-27T04:17:16.560772,103.48083332777023,1.7246805554628373,31.075337648391724,8,562,0.257438876144087,18.08508104912211,1465,137696,1.0,2025/11/27 04:17:15.535,1.4,98.7,118.18144989013672,119.69921493530273,76159.39306640625,9195.6474609375,65.0,45.28,93.0,0.0
2025-11-27T04:17:47.649380,103.99855185747147,1.7333091976245245,31.063111782073975,6,437,0.19315514949350646,14.068133388110386,1471,138133,1.0,2025/11/27 04:17:46.610,1.7,98.7,118.17475891113281,119.69921493530273,76160.67529296875,9197.8935546875,65.0,45.37,91.0,0.0
2025-11-27T04:18:18.733572,104.51665501991907,1.7419442503319846,31.08618974685669,8,948,0.25734900498086705,30.495857090232743,1479,139081,1.0,2025/11/27 04:18:17.695,1.2,98.8,118.20977783203125,119.69921493530273,76160.69482421875,9198.6240234375,65.0,45.48,94.0,0.0
2025-11-27T04:18:49.823456,105.03476821184158,1.7505794701973598,31.086791515350342,8,462,0.2573440232984379,14.861617345484788,1487,139543,1.0,2025/11/27 04:18:48.777,1.7,98.7,118.19049453735352,119.69921493530273,76165.75732421875,9202.5927734375,65.0,45.28,93.0,0.0
2025-11-27T04:19:20.889469,105.55284253756206,1.759214042292701,31.08445954322815,7,994,0.22519291320684945,31.977393675372625,1494,140537,1.0,2025/11/27 04:19:19.858,1.9,98.7,118.19888305664062,119.69921493530273,76165.85888671875,9206.8193359375,66.0,45.24,94.0,0.0
2025-11-27T04:19:51.962823,106.07065338691076,1.7678442231151792,31.06865096092224,7,322,0.2253074975416381,10.364144886915353,1501,140859,1.0,2025/11/27 04:19:50.928,1.5,98.7,118.17238235473633,119.69921493530273,76165.90576171875,9207.4521484375,65.0,45.24,93.0,0.0
2025-11-27T04:20:23.058596,106.58849731286367,1.7764749552143944,31.070635557174683,7,731,0.2252931063195968,23.52703724566075,1508,141590,1.0,2025/11/27 04:20:22.019,1.1,98.8,118.20586013793945,119.69921493530273,76166.15576171875,9208.5185546875,66.0,45.4,94.0,0.0
2025-11-27T04:20:54.141164,107.10679719448089,1.7851132865746815,31.09799289703369,9,983,0.28940774505284783,31.60975704299438,1517,142573,1.0,2025/11/27 04:20:53.104,1.4,98.7,118.19346618652344,119.69921493530273,76166.45849609375,9212.8779296875,66.0,45.61,94.0,0.0
2025-11-27T04:21:25.238495,107.6248954296112,1.7937482571601868,31.085894107818604,5,591,0.16084465779423793,19.01183855127892,1522,143164,1.0,2025/11/27 04:21:24.199,1.3,98.8,118.2103385925293,119.69921493530273,76166.47802734375,9217.1318359375,66.0,45.67,94.0,0.0
2025-11-27T04:21:56.321106,108.1431768655777,1.8023862810929616,31.096886157989502,8,891,0.2572604845178242,28.65238646317267,1530,144055,1.0,2025/11/27 04:21:55.275,1.1,98.7,118.18692779541016,119.69921493530273,76166.53271484375,9220.9052734375,65.0,45.65,92.0,0.0
2025-11-27T04:22:27.386624,108.66112662553788,1.8110187770922979,31.076985597610474,8,862,0.25742522468508416,27.737567959817817,1538,144917,1.0,2025/11/27 04:22:26.349,1.0,98.8,118.20740509033203,119.69921493530273,76166.55615234375,9221.6865234375,65.0,45.47,94.0,0.0
2025-11-27T04:22:58.456364,109.17894286314646,1.8196490477191076,31.068974256515503,8,600,0.2574916034867908,19.31187026150931,1546,145517,1.0,2025/11/27 04:22:57.432,1.0,98.7,118.17897415161133,119.69921493530273,76166.61474609375,9225.9833984375,66.0,45.63,94.0,0.0
2025-11-27T04:23:29.543527,109.69674404462178,1.828279067410363,31.068070888519287,6,769,0.19312431793816992,24.752100082408777,1552,146286,1.0,2025/11/27 04:23:28.514,1.2,98.7,118.19104766845703,119.69921493530273,76166.66162109375,9226.6044921875,66.0,45.59,94.0,0.0
2025-11-27T04:24:00.625986,110.21489980220795,1.8369149967034657,31.089345455169678,9,611,0.28948824326256245,19.653035181491738,1561,146897,1.0,2025/11/27 04:23:59.590,1.2,98.7,118.19270324707031,119.69921493530273,76166.74755859375,9227.3544921875,66.0,45.55,94.0,0.0
2025-11-27T04:24:31.693207,110.73291051785151,1.8455485086308585,31.08064293861389,7,622,0.22522056618408487,20.012456023785827,1568,147519,1.0,2025/11/27 04:24:30.664,1.1,98.7,118.18832778930664,119.69921493530273,76166.77099609375,9228.0341796875,65.0,45.42,92.0,0.0
2025-11-27T04:25:02.782862,111.25071461995442,1.8541785769992405,31.068246126174927,8,780,0.25749763818370225,25.10601972291097,1576,148299,1.0,2025/11/27 04:25:01.750,1.5,98.7,118.18264770507812,119.69921493530273,76166.82568359375,9228.8427734375,66.0,45.37,93.0,0.0
2025-11-27T04:25:33.843861,111.76882773240408,1.8628137955400679,31.08678674697876,6,788,0.19300804707913802,25.348390183060125,1582,149087,1.0,2025/11/27 04:25:32.809,1.0,98.7,118.19926834106445,119.69921493530273,76166.85302734375,9229.7451171875,66.0,45.56,94.0,0.0
2025-11-27T04:26:04.920379,112.28658136924108,1.8714430228206846,31.065218210220337,9,517,0.28971307843699723,16.642406839103064,1591,149604,1.0,2025/11/27 04:26:03.882,1.0,98.7,118.18734741210938,119.69921493530273,76166.89599609375,9233.7998046875,66.0,45.67,94.0,0.0
2025-11-27T04:26:35.987714,112.80453941424688,1.8800756569041146,31.0774827003479,7,391,0.22524346863916483,12.581456605416207,1598,149995,1.0,2025/11/27 04:26:34.958,1.1,98.7,118.17372512817383,119.69921493530273,76166.90771484375,9236.9052734375,66.0,45.39,94.0,0.0
2025-11-27T04:27:07.066890,113.32226084073385,1.888704347345564,31.06328558921814,9,1274,0.28973110311047845,41.01304726252773,1607,151269,1.0,2025/11/27 04:27:06.030,2.0,98.7,118.17586135864258,119.69921493530273,76167.14990234375,9240.3623046875,66.0,44.99,89.0,0.0
2025-11-27T04:27:38.141157,113.84032007058461,1.8973386678430768,31.083553791046143,5,262,0.16085676797484746,8.428894641882009,1612,151531,1.0,2025/11/27 04:27:37.110,1.4,98.7,118.17599487304688,119.69921493530273,76167.17333984375,9241.3623046875,65.0,45.1,92.0,0.0
2025-11-27T04:28:09.211406,114.35811065832773,1.905968510972129,31.067435264587402,9,1100,0.28969240374530564,35.406849346648464,1621,152631,1.0,2025/11/27 04:28:08.174,1.8,98.7,118.18252944946289,119.69921493530273,76167.22412109375,9242.0615234375,66.0,45.16,93.0,0.0
2025-11-27T04:28:40.284345,114.87600088914236,1.9146000148190392,31.073413848876953,7,548,0.22527296273412173,17.635654796899814,1628,153179,1.0,2025/11/27 04:28:39.243,1.8,98.7,118.18820190429688,119.69921493530273,76167.23193359375,9242.6630859375,66.0,45.48,93.0,0.0
2025-11-27T04:29:11.361469,115.39389544328054,1.9232315907213422,31.073673248291016,6,564,0.19308949901280137,18.15041290720333,1634,153743,1.0,2025/11/27 04:29:10.325,1.6,98.7,118.19393157958984,119.69921493530273,76167.25537109375,9243.4287109375,65.0,45.01,93.0,0.0
2025-11-27T04:29:42.424588,115.91182662645976,1.9318637771076625,31.075870990753174,9,722,0.28961376505514547,23.233459818868337,1643,154465,1.0,2025/11/27 04:29:41.396,1.6,98.8,118.25708389282227,119.69921493530273,76167.41943359375,9244.1396484375,65.0,45.07,92.0,0.0
2025-11-27T04:30:13.496640,116.42953884204229,1.9404923140340382,31.062732934951782,7,445,0.22535042279308273,14.325848306131688,1650,154910,1.0,2025/11/27 04:30:12.468,1.5,98.7,118.1772689819336,119.69921493530273,76167.49755859375,9248.4130859375,65.0,45.21,93.0,0.0
2025-11-27T04:30:44.573240,116.94759242137273,1.9491265403562121,31.08321475982666,8,839,0.25737363595800133,26.992060071095388,1658,155749,1.0,2025/11/27 04:30:43.537,1.6,98.7,118.19141387939453,119.69921493530273,76167.51708984375,9249.2763671875,65.0,45.15,93.0,0.0
2025-11-27T04:31:15.653209,117.46537487109502,1.9577562478515838,31.066946983337402,6,458,0.19313130457325173,14.742356249091548,1664,156207,1.0,2025/11/27 04:31:14.615,1.3,98.8,118.20990753173828,119.69921493530273,76167.56787109375,9250.0185546875,65.0,45.16,92.0,0.0
2025-11-27T04:31:46.730409,117.98337913751602,1.9663896522919337,31.08025598526001,8,899,0.2573981373832328,28.925115688440787,1672,157106,1.0,2025/11/27 04:31:45.690,2.0,98.7,118.15349960327148,119.69921493530273,76167.58349609375,9253.7099609375,65.0,45.19,90.0,0.0
2025-11-27T04:32:17.816973,118.50137283007304,1.9750228805012173,31.07962155342102,8,633,0.25740339168059845,20.36704336672735,1680,157739,1.0,2025/11/27 04:32:16.781,1.7,98.7,118.16978073120117,119.69921493530273,76167.89208984375,9257.7177734375,65.0,45.1,93.0,0.0
2025-11-27T04:32:48.905669,119.01941428184509,1.9836569046974182,31.082487106323242,9,586,0.2895521188254299,18.85306018130021,1689,158325,1.0,2025/11/27 04:32:47.846,1.5,98.7,118.17430877685547,119.69921493530273,76167.89990234375,9258.4794921875,65.0,45.02,93.0,0.0
2025-11-27T04:33:19.980446,119.53756654659907,1.992292775776651,31.089135885238647,6,298,0.19299346312320134,9.585342001785666,1695,158623,1.0,2025/11/27 04:33:18.943,1.8,98.7,118.18350601196289,119.69921493530273,76167.93505859375,9259.1474609375,65.0,45.24,93.0,0.0
2025-11-27T04:33:51.050980,120.05549420515696,2.000924903419283,31.07565951347351,8,970,0.2574362097297221,31.214140429728804,1703,159593,1.0,2025/11/27 04:33:50.022,1.7,98.8,118.20750427246094,119.69921493530273,76167.98193359375,9259.8583984375,65.0,44.91,92.0,0.0
2025-11-27T04:34:22.130250,120.57340288559595,2.0095567147599325,31.07452082633972,8,410,0.2574456431591683,13.194089211907375,1711,160003,1.0,2025/11/27 04:34:21.091,1.8,98.7,118.19667434692383,119.69921493530273,76167.99365234375,9260.5771484375,65.0,44.95,91.0,0.0
2025-11-27T04:34:53.206836,121.09131718873978,2.0181886198123298,31.07485818862915,9,827,0.289623204243399,26.61315443436566,1720,160830,1.0,2025/11/27 04:34:52.165,1.6,98.7,118.18751907348633,119.69921493530273,76168.02490234375,9261.2529296875,65.0,45.01,93.0,0.0
2025-11-27T04:35:24.277873,121.60928531885148,2.026821421980858,31.07808780670166,5,354,0.1608850593092733,11.39066219909655,1725,161184,1.0,2025/11/27 04:35:23.244,1.4,98.7,118.14970779418945,119.69921493530273,76168.05224609375,9264.3896484375,65.0,44.89,92.0,0.0
2025-11-27T04:35:55.351325,122.12708350817363,2.035451391802894,31.067891359329224,8,879,0.25750057857073455,28.29287607045946,1733,162063,1.0,2025/11/27 04:35:54.316,1.6,98.7,118.16842651367188,119.69921493530273,76168.14599609375,9265.1201171875,65.0,44.94,93.0,0.0
2025-11-27T04:36:26.433299,122.64502837260564,2.044083806210094,31.07669186592102,8,615,0.2574276578252163,19.789751195313507,1741,162678,1.0,2025/11/27 04:36:25.395,1.0,98.8,118.20329284667969,119.69921493530273,76168.15380859375,9265.7919921875,65.0,45.38,94.0,0.0
2025-11-27T04:36:57.509795,123.16301225821177,2.052716870970196,31.079033136367798,6,551,0.19305619881009012,17.728994257393275,1747,163229,1.0,2025/11/27 04:36:56.473,1.7,98.7,118.17085266113281,119.69921493530273,76168.17724609375,9267.9951171875,65.0,45.22,93.0,0.0
2025-11-27T04:37:28.598379,123.68100893497467,2.0613501489162447,31.079800605773926,7,512,0.22522667017045012,16.473722161038637,1754,163741,1.0,2025/11/27 04:37:27.542,1.4,98.7,118.15231704711914,119.69921493530273,76168.26708984375,9269.0068359375,65.0,45.14,93.0,0.0
2025-11-27T04:37:59.672290,124.19910004138947,2.0699850006898246,31.085466384887695,8,505,0.2573549935184253,16.245533965850598,1762,164246,1.0,2025/11/27 04:37:58.638,1.4,98.7,118.17440414428711,119.69921493530273,76169.03955078125,9269.9521484375,65.0,45.02,93.0,0.0
2025-11-27T04:38:30.751633,124.71713916858037,2.078618986143006,31.082347631454468,9,924,0.28955341812380514,29.72748426071066,1771,165170,1.0,2025/11/27 04:38:29.721,1.1,98.7,118.166259765625,119.69921493530273,76169.09033203125,9270.7529296875,65.0,45.59,94.0,0.0
2025-11-27T04:39:01.826546,125.23505095640819,2.08725084927347,31.07470726966858,4,460,0.12872204926301342,14.803035665246544,1775,165630,1.0,2025/11/27 04:39:00.795,1.7,98.7,118.18676376342773,119.69921493530273,76169.09814453125,9271.4482421875,65.0,45.03,91.0,0.0
2025-11-27T04:39:32.900686,125.75297401746114,2.095882900291019,31.07538366317749,9,689,0.2896183068099807,22.171890376897412,1784,166319,1.0,2025/11/27 04:39:31.874,1.1,98.7,118.12823867797852,119.69921493530273,76169.11376953125,9272.1591796875,64.0,45.36,93.0,0.0
2025-11-27T04:40:03.975695,126.27083894411723,2.104513982401954,31.071895599365234,9,652,0.2896508187348525,20.98359264612487,1793,166971,1.0,2025/11/27 04:40:02.941,1.4,98.7,118.16154479980469,119.69921493530273,76169.12939453125,9272.8740234375,65.0,45.44,94.0,0.0
2025-11-27T04:40:35.049376,126.78889491558076,2.1131482485930126,31.08335828781128,8,576,0.25737244753045363,18.530816222192662,1801,167547,1.0,2025/11/27 04:40:34.018,1.0,98.7,118.1710090637207,119.69921493530273,76169.21923828125,9273.6787109375,65.0,45.4,93.0,0.0
2025-11-27T04:41:06.131459,127.3066664536794,2.12177777422799,31.06629228591919,5,188,0.16094614555166123,6.0515750727424615,1806,167735,1.0,2025/11/27 04:41:05.094,1.4,98.7,118.18434143066406,119.69921493530273,76169.26220703125,9274.6083984375,66.0,45.39,93.0,0.0
2025-11-27T04:41:37.203609,127.82465798457464,2.130410966409577,31.07949185371399,9,822,0.2895800240995415,26.448308867758122,1815,168557,1.0,2025/11/27 04:41:36.168,1.1,98.7,118.19032669067383,119.69921493530273,76169.29345703125,9275.3505859375,66.0,45.16,92.0,0.0
2025-11-27T04:42:08.304374,128.34258147478104,2.139043024579684,31.075409412384033,7,730,0.22525849642419807,23.491243198523513,1822,169287,1.0,2025/11/27 04:42:07.255,1.3,98.7,118.19993591308594,119.69921493530273,76169.31298828125,9276.0458984375,66.0,45.34,94.0,0.0
2025-11-27T04:42:39.388346,128.8608926296234,2.1476815438270567,31.098669290542603,9,384,0.2894014504581064,12.347795219545873,1831,169671,1.0,2025/11/27 04:42:38.345,1.0,98.8,118.21839904785156,119.69921493530273,76169.85400390625,9276.5966796875,65.0,45.39,91.0,0.0
2025-11-27T04:43:10.468981,129.37899327278137,2.1563165545463563,31.08603858947754,5,567,0.16084391022059896,18.23969941901592,1836,170238,1.0,2025/11/27 04:43:09.427,1.5,98.8,118.21338653564453,119.69921493530273,76169.85791015625,9277.4599609375,65.0,45.34,93.0,0.0
2025-11-27T04:43:41.565243,129.89714723030727,2.1649524538384544,31.089237451553345,9,1104,0.28948924894104544,35.51068120343491,1845,171342,1.0,2025/11/27 04:43:40.525,1.2,98.8,118.21329498291016,119.69921493530273,76169.86962890625,9278.2177734375,66.0,45.24,93.0,0.0
2025-11-27T04:44:12.644745,130.4153083841006,2.1735884730683432,31.089669227600098,7,422,0.2251551777136855,13.57364071359647,1852,171764,1.0,2025/11/27 04:44:11.607,1.3,98.8,118.22260665893555,119.69921493530273,76169.88134765625,9278.8505859375,66.0,45.52,93.0,0.0
2025-11-27T04:44:43.719636,130.93322121302288,2.182220353550381,31.074769735336304,9,684,0.28962402864616427,22.011426177108483,1861,172448,1.0,2025/11/27 04:44:42.685,1.0,98.7,118.18919372558594,119.69921493530273,76169.89697265625,9279.6162109375,66.0,45.32,95.0,0.0
2025-11-27T04:45:14.799297,131.45127784808477,2.1908546308014127,31.08339810371399,5,617,0.1608575736577069,19.84982458936103,1866,173065,1.0,2025/11/27 04:45:13.768,1.1,98.7,118.18590545654297,119.69921493530273,76170.20556640625,9280.6083984375,66.0,45.35,94.0,0.0
2025-11-27T04:45:45.879572,131.9691354672114,2.1994855911201903,31.071457147598267,9,634,0.2896549060202564,20.40457893520473,1875,173699,1.0,2025/11/27 04:45:44.837,1.3,98.8,118.20573806762695,119.69921493530273,76170.22900390625,9281.2568359375,66.0,45.24,90.0,0.0
2025-11-27T04:46:16.966636,132.48714460531872,2.208119076755312,31.08054828643799,7,342,0.22522125206698665,11.003666886701348,1882,174041,1.0,2025/11/27 04:46:15.924,1.4,98.7,118.15182876586914,119.69921493530273,76170.24072265625,9282.0927734375,66.0,45.55,94.0,0.0
2025-11-27T04:46:48.050972,133.00523076454797,2.2167538460758,31.085169553756714,9,661,0.28952713236567595,21.2641593881902,1891,174702,1.0,2025/11/27 04:46:47.003,1.4,98.7,118.1784782409668,119.69921493530273,76170.27197265625,9282.7958984375,65.0,45.1,93.0,0.0
2025-11-27T04:47:19.129752,133.52344376643498,2.225390729440583,31.092780113220215,5,643,0.16080903611041425,20.680042043799276,1896,175345,1.0,2025/11/27 04:47:18.096,1.5,98.7,118.19053649902344,119.69921493530273,76170.27978515625,9283.5302734375,65.0,44.92,90.0,0.0
2025-11-27T04:47:49.917192,134.03635622262954,2.2339392703771592,30.774747371673584,10,559,0.32494174133186987,18.164243340451527,1906,175904,1.0,2025/11/27 04:47:48.867,1.4,98.7,118.18567657470703,119.69921493530273,76170.29931640625,9284.1630859375,65.0,45.2,93.0,0.0
2025-11-27T04:48:21.002627,134.55448546012244,2.242574757668707,29.99335503578186,6,913,0.2000443095759725,30.44007577381048,1912,176817,1.0,2025/11/27 04:48:19.965,1.7,98.7,118.1873893737793,119.69921493530273,76170.30712890625,9284.8544921875,65.0,45.21,94.0,0.0
2025-11-27T04:48:52.110060,135.07260950803757,2.251210158467293,31.087442874908447,5,249,0.16083664456157767,8.009664899166568,1917,177066,1.0,2025/11/27 04:48:51.047,1.3,98.7,118.20228958129883,119.69921493530273,76170.40869140625,9285.5849609375,65.0,45.44,93.0,0.0
2025-11-27T04:49:23.184185,135.59098054170607,2.259849675695101,31.102262020111084,9,1064,0.2893680206983176,34.2097304470011,1926,178130,1.0,2025/11/27 04:49:22.142,1.2,98.7,118.19559478759766,119.69921493530273,76170.43603515625,9286.3076171875,65.0,45.42,92.0,0.0
2025-11-27T04:49:54.269488,136.10886742273968,2.268481123712328,31.07321286201477,8,673,0.2574564798151125,21.658526364446338,1934,178803,1.0,2025/11/27 04:49:53.227,1.6,98.8,118.20854568481445,119.69921493530273,76171.33056640625,9287.4794921875,65.0,45.15,93.0,0.0
2025-11-27T04:50:25.328618,136.62695643107097,2.2771159405178496,31.08534049987793,7,955,0.22518653125345334,30.72187676386399,1941,179758,1.0,2025/11/27 04:50:24.297,1.8,98.8,118.22690200805664,119.69921493530273,76171.34619140625,9288.2060546875,65.0,44.98,92.0,0.0
2025-11-27T04:50:56.408416,137.14469823042552,2.285744970507092,31.064507961273193,6,527,0.19314646822927137,16.964698126137666,1947,180285,1.0,2025/11/27 04:50:55.376,1.1,98.8,118.22786331176758,119.69921493530273,76171.42041015625,9289.1630859375,66.0,45.45,93.0,0.0
2025-11-27T04:51:27.473687,137.66264783143998,2.294377463857333,31.07697606086731,9,797,0.2896034666427202,25.64599587936089,1956,181082,1.0,2025/11/27 04:51:26.446,1.6,98.7,118.18456649780273,119.69921493530273,76171.44384765625,9289.8974609375,65.0,45.22,93.0,0.0
2025-11-27T04:51:58.545031,138.1804380496343,2.3030073008272383,31.067413091659546,8,573,0.25750454266653133,18.443762868490307,1964,181655,1.0,2025/11/27 04:51:57.513,1.9,98.8,118.2038688659668,119.69921493530273,76173.27197265625,9290.8662109375,65.0,44.95,90.0,0.0
2025-11-27T04:52:29.618193,138.69826521078747,2.311637753513124,31.069629669189453,7,834,0.22530040024717862,26.842933400878138,1971,182489,1.0,2025/11/27 04:52:28.586,1.5,98.7,118.17403030395508,119.69921493530273,76173.59228515625,9291.5419921875,65.0,45.41,93.0,0.0
2025-11-27T04:53:00.694214,139.21610546906788,2.320268424484465,31.070415496826172,8,831,0.2574796594148281,26.74569962171527,1979,183320,1.0,2025/11/27 04:52:59.660,1.5,98.7,118.19026184082031,119.69921493530273,76173.60009765625,9292.2333984375,65.0,44.9,93.0,0.0
2025-11-27T04:53:31.764361,139.73405259450277,2.3289008765750463,31.07682752609253,8,804,0.2574265340721504,25.871366674251114,1987,184124,1.0,2025/11/27 04:53:30.739,2.0,98.7,118.13450622558594,119.69921493530273,76173.62353515625,9297.8427734375,65.0,45.16,94.0,0.0
2025-11-27T04:54:02.840578,140.25186785856883,2.337531130976147,31.068915843963623,7,731,0.22530557664631318,23.52833950406499,1994,184855,1.0,2025/11/27 04:54:01.810,1.6,98.7,118.16900253295898,119.69921493530273,76174.67041015625,9304.8271484375,65.0,45.0,90.0,0.0
2025-11-27T04:54:33.907917,140.76977959473928,2.3461629932456547,31.07470417022705,8,466,0.2574441242039199,14.996120234878333,2002,185321,1.0,2025/11/27 04:54:32.873,1.6,98.7,118.18177032470703,119.69921493530273,76174.72509765625,9305.6630859375,65.0,45.02,91.0,0.0
2025-11-27T04:55:04.977743,141.2876145720482,2.354793576200803,31.070098638534546,7,726,0.22529699958268823,23.366517385290237,2009,186047,1.0,2025/11/27 04:55:03.936,1.6,98.7,118.18806457519531,119.69921493530273,76174.98681640625,9306.4677734375,65.0,45.04,92.0,0.0
2025-11-27T04:55:36.048372,141.80545547008515,2.3634242578347524,31.070453882217407,8,534,0.25747934131656347,17.18674603288061,2017,186581,1.0,2025/11/27 04:55:35.016,1.6,98.7,118.20272064208984,119.69921493530273,76175.08447265625,9307.3974609375,65.0,45.36,93.0,0.0
2025-11-27T04:56:07.110014,142.32328323523203,2.3720547205872005,31.069665908813477,9,908,0.28967160530190916,29.22464640157039,2026,187489,1.0,2025/11/27 04:56:06.083,1.0,98.7,118.19698715209961,119.69921493530273,76175.10009765625,9308.1748046875,65.0,45.38,94.0,0.0
2025-11-27T04:56:38.217618,142.84122767448426,2.380687127908071,31.076666355133057,4,292,0.1287139345735938,9.396117223872347,2030,187781,1.0,2025/11/27 04:56:37.168,1.0,98.7,118.19289016723633,119.69921493530273,76175.11181640625,9308.9287109375,65.0,45.59,94.0,0.0
2025-11-27T04:57:09.301783,143.35958074331285,2.3893263457218805,31.101184129714966,8,781,0.2572249328718185,25.111584071611283,2038,188562,1.0,2025/11/27 04:57:08.267,1.0,98.8,118.2061767578125,119.69921493530273,76175.13525390625,9309.9091796875,66.0,45.53,94.0,0.0
2025-11-27T04:57:40.384176,143.877684879303,2.39796141465505,31.08624815940857,8,941,0.2573485214097385,30.27061983082049,2046,189503,1.0,2025/11/27 04:57:39.343,1.6,98.7,118.19642639160156,119.69921493530273,76175.15087890625,9310.6943359375,65.0,44.95,91.0,0.0
2025-11-27T04:58:11.473721,144.39560006459553,2.4065933344099255,31.07491111755371,7,623,0.22526210850675013,20.04832765710076,2053,190126,1.0,2025/11/27 04:58:10.417,1.5,98.7,118.20295715332031,119.69921493530273,76175.32275390625,9311.6162109375,65.0,45.17,93.0,0.0
2025-11-27T04:58:42.558901,144.91388883988063,2.4152314806646773,31.097326517105103,7,616,0.225099736343883,19.808776798261704,2060,190742,1.0,2025/11/27 04:58:41.521,1.5,98.7,118.19135665893555,119.69921493530273,76175.34619140625,9312.3349609375,65.0,45.28,93.0,0.0
2025-11-27T04:59:13.635200,145.43181592623392,2.4238635987705655,31.07562518119812,8,721,0.2574364941446227,23.201464034784124,2068,191463,1.0,2025/11/27 04:59:12.605,1.2,98.7,118.19115447998047,119.69921493530273,76175.38134765625,9313.1044921875,65.0,45.52,93.0,0.0
2025-11-27T04:59:44.706077,145.9497429450353,2.4324957157505884,31.075621128082275,8,476,0.2574365277214233,15.317473399424685,2076,191939,1.0,2025/11/27 04:59:43.678,1.1,98.7,118.17845153808594,119.69921493530273,76175.39697265625,9313.8505859375,65.0,45.54,94.0,0.0
2025-11-27T05:00:15.778682,146.46757407188414,2.4411262345314024,31.069867610931396,7,687,0.22529867483365687,22.11145565867461,2083,192626,1.0,2025/11/27 05:00:14.741,1.0,98.7,118.19027709960938,119.69921493530273,76175.47119140625,9314.6591796875,66.0,45.22,94.0,0.0
2025-11-27T05:00:46.861982,146.98546127875645,2.4497576879792744,31.073232412338257,7,391,0.2252742781024773,12.583177534009803,2090,193017,1.0,2025/11/27 05:00:45.816,1.2,98.7,118.19108963012695,119.69921493530273,76175.67822265625,9315.6513671875,65.0,45.26,93.0,0.0
2025-11-27T05:01:17.947107,147.5036580046018,2.4583943000766966,31.091803550720215,8,1043,0.257302539138637,33.5458185401998,2098,194060,1.0,2025/11/27 05:01:16.909,1.6,98.7,118.18999862670898,119.69921493530273,76175.68603515625,9316.3544921875,65.0,45.31,93.0,0.0
2025-11-27T05:01:49.011253,148.02161732912063,2.467026955485344,31.07755947113037,8,1038,0.2574204711097612,33.40030612649151,2106,195098,1.0,2025/11/27 05:01:47.986,1.4,98.7,118.18405532836914,119.69921493530273,76175.69384765625,9317.0810546875,65.0,45.28,92.0,0.0
2025-11-27T05:02:20.096979,148.53942601680757,2.475657100280126,31.06852126121521,6,437,0.19312151838684957,14.065683922508876,2112,195535,1.0,2025/11/27 05:02:19.064,1.5,98.7,118.18141174316406,119.69921493530273,76175.71337890625,9317.8623046875,65.0,45.16,92.0,0.0
2025-11-27T05:02:51.167499,149.0574621240298,2.4842910354004966,31.08216643333435,8,453,0.2573823165498634,14.574273674636014,2120,195988,1.0,2025/11/27 05:02:50.141,1.1,98.7,118.18766784667969,119.69921493530273,76175.73681640625,9318.5732421875,65.0,45.29,93.0,0.0
2025-11-27T05:03:22.246656,149.57525621255238,2.492920936875873,31.06764531135559,9,456,0.28969044514971315,14.6776492209188,2129,196444,1.0,2025/11/27 05:03:21.209,0.9,98.7,118.1955680847168,119.69921493530273,76175.83056640625,9319.2998046875,65.0,45.39,94.0,0.0
2025-11-27T05:03:53.320080,150.09328374067942,2.501554729011324,31.08165168762207,8,419,0.25738657907893336,13.480622079259135,2137,196863,1.0,2025/11/27 05:03:52.289,1.1,98.8,118.20385360717773,119.69921493530273,76175.83447265625,9320.0107421875,65.0,45.41,94.0,0.0
2025-11-27T05:04:24.405882,150.61136238972347,2.5101893731620577,31.084718942642212,5,575,0.16085073856469614,18.497834934940055,2142,197438,1.0,2025/11/27 05:04:23.367,1.3,98.8,118.206787109375,119.69921493530273,76175.86181640625,9320.7607421875,66.0,45.48,94.0,0.0
2025-11-27T05:04:55.475245,151.12927147944768,2.518821191324128,31.07454538345337,8,482,0.2574454397089862,15.511087742466419,2150,197920,1.0,2025/11/27 05:04:54.443,0.9,98.7,118.19756317138672,119.69921493530273,76175.87744140625,9321.4990234375,65.0,45.33,93.0,0.0
2025-11-27T05:05:26.550268,151.6470869263013,2.527451448771689,31.06892681121826,9,986,0.28967849628942804,31.735888593486226,2159,198906,1.0,2025/11/27 05:05:25.513,1.5,98.7,118.19476318359375,119.69921493530273,76175.95556640625,9322.4365234375,65.0,44.96,92.0,0.0
2025-11-27T05:05:57.628390,152.1650294383367,2.536083823972278,31.076550722122192,7,803,0.22525022363620847,25.839418511410774,2166,199709,1.0,2025/11/27 05:05:56.593,1.6,98.7,118.19819641113281,119.69921493530273,76175.97900390625,9323.1279296875,65.0,45.1,93.0,0.0
2025-11-27T05:06:28.703463,152.68298308054605,2.544716384675768,31.077218532562256,6,537,0.19306747139269517,17.27953868964622,2172,200246,1.0,2025/11/27 05:06:27.674,1.4,98.8,118.20542526245117,119.69921493530273,76175.99462890625,9323.8349609375,65.0,45.04,93.0,0.0
2025-11-27T05:06:59.777801,153.2009055018425,2.553348425030708,31.075345277786255,7,576,0.22525896132210782,18.535594531647728,2179,200822,1.0,2025/11/27 05:06:58.739,1.8,98.8,118.20684814453125,119.69921493530273,76176.01806640625,9324.6123046875,65.0,44.86,94.0,0.0
2025-11-27T05:07:30.521497,153.71334776480992,2.561889129413499,30.746535778045654,10,907,0.32523989278624454,29.49925827571238,2189,201729,1.0,2025/11/27 05:07:29.487,1.0,98.7,118.19725036621094,119.69921493530273,76176.09228515625,9325.2998046875,65.0,45.27,94.0,0.0
2025-11-27T05:08:01.610738,154.23117218414941,2.5705195364024904,29.991546630859375,7,564,0.23339910029172853,18.8052989377907,2196,202293,1.0,2025/11/27 05:08:00.563,1.3,98.7,118.18935775756836,119.69921493530273,76179.64111328125,9326.1982421875,65.0,45.43,94.0,0.0
2025-11-27T05:08:32.696744,154.74935486316681,2.5791559143861136,31.09096074104309,6,252,0.19298213554653576,8.105249692954503,2202,202545,1.0,2025/11/27 05:08:31.647,1.0,98.7,118.19449996948242,119.69921493530273,76179.64892578125,9326.9951171875,65.0,45.39,93.0,0.0
2025-11-27T05:09:03.776620,155.26753948926927,2.5877923248211543,31.09107756614685,7,827,0.22514497881610468,26.599271068702652,2209,203372,1.0,2025/11/27 05:09:02.743,0.9,98.7,118.19808197021484,119.69921493530273,76179.66455078125,9327.6943359375,65.0,45.48,94.0,0.0
2025-11-27T05:09:34.853547,155.78555166721344,2.596425861120224,31.080730676651,9,1193,0.28956848195210333,38.38391099653992,2218,204565,1.0,2025/11/27 05:09:33.825,1.7,98.7,118.19952011108398,119.69921493530273,76179.69580078125,9328.4443359375,65.0,45.2,89.0,0.0
2025-11-27T05:10:05.920496,156.30336969296138,2.6050561615493564,31.0690815448761,8,457,0.257490714311745,14.709157055058432,2226,205022,1.0,2025/11/27 05:10:04.884,1.7,98.8,118.21701431274414,119.69921493530273,76179.72705078125,9329.1240234375,65.0,45.22,93.0,0.0
2025-11-27T05:10:36.991028,156.8211588462194,2.613685980770323,31.067349195480347,6,346,0.19312880420685763,11.13709437592879,2232,205368,1.0,2025/11/27 05:10:35.954,1.5,98.8,118.20440292358398,119.69921493530273,76179.78173828125,9330.1435546875,65.0,45.29,93.0,0.0
2025-11-27T05:11:08.069260,157.33905722697577,2.622317620449596,31.07390284538269,7,679,0.22526941771140083,21.85113351800588,2239,206047,1.0,2025/11/27 05:11:07.035,1.8,98.7,118.20176696777344,119.69921493530273,76179.80908203125,9330.7802734375,65.0,45.4,91.0,0.0
2025-11-27T05:11:39.169481,157.85713849067687,2.630952308177948,31.08487582206726,9,1027,0.28952986820718996,33.038574960976014,2248,207074,1.0,2025/11/27 05:11:38.111,1.5,98.7,118.1966781616211,119.69921493530273,76180.05615234375,9331.3935546875,65.0,45.27,93.0,0.0
2025-11-27T05:12:10.233105,158.3752665479978,2.639587775799963,31.08768343925476,7,565,0.22516955995379903,18.17440019627092,2255,207639,1.0,2025/11/27 05:12:09.196,2.0,98.8,118.2034912109375,119.69921493530273,76180.08349609375,9332.3466796875,65.0,45.34,92.0,0.0
2025-11-27T05:12:41.321956,158.89307367404302,2.6482178945673835,31.068427562713623,5,247,0.16093508401438011,7.950193150310378,2260,207886,1.0,2025/11/27 05:12:40.285,1.8,98.7,118.1600570678711,119.69921493530273,76180.11474609375,9335.8310546875,65.0,45.23,93.0,0.0
2025-11-27T05:13:12.394619,159.41119066874185,2.6568531778123643,31.087019681930542,9,688,0.28950990130556925,22.131423566470183,2269,208574,1.0,2025/11/27 05:13:11.356,1.0,98.7,118.18448257446289,119.69921493530273,76180.47412109375,9336.4248046875,65.0,45.42,94.0,0.0
2025-11-27T05:13:43.473933,159.92906366586686,2.665484394431114,31.07237982749939,9,454,0.28964630485222453,14.61104693365666,2278,209028,1.0,2025/11/27 05:13:42.440,1.0,98.7,118.19954681396484,119.69921493530273,76180.51708984375,9337.1787109375,65.0,45.6,94.0,0.0
2025-11-27T05:14:14.553369,160.4471159776052,2.674118599626753,31.083138704299927,6,540,0.19303069928295183,17.372762935465666,2284,209568,1.0,2025/11/27 05:14:13.520,1.3,98.8,118.2053451538086,119.69921493530273,76180.54833984375,9337.8818359375,65.0,45.14,93.0,0.0
2025-11-27T05:14:45.625081,160.96499773263932,2.6827499622106554,31.07290530204773,6,603,0.1930942710916895,19.405974244714795,2290,210171,1.0,2025/11/27 05:14:44.589,1.5,98.8,118.20726776123047,119.69921493530273,76180.56396484375,9338.5146484375,65.0,45.12,93.0,0.0
2025-11-27T05:15:16.688392,161.4828975081444,2.69138162513574,31.073986530303955,9,871,0.28963132848188067,28.029876345302007,2299,211042,1.0,2025/11/27 05:15:15.668,1.6,98.8,118.20580291748047,119.69921493530273,76180.57958984375,9339.5576171875,65.0,45.04,93.0,0.0
2025-11-27T05:15:47.760002,162.00064613024395,2.700010768837399,31.06491732597351,9,665,0.2897158844995561,21.406784799133867,2308,211707,1.0,2025/11/27 05:15:46.728,1.6,98.8,118.20949172973633,119.69921493530273,76180.59912109375,9340.2998046875,65.0,45.05,93.0,0.0
2025-11-27T05:16:18.822218,162.51847755114238,2.7086412925190397,31.06988525390625,7,461,0.22529854689823572,14.83751858858381,2315,212168,1.0,2025/11/27 05:16:17.795,1.8,98.7,118.19576263427734,119.69921493530273,76180.61474609375,9340.9638671875,65.0,44.99,93.0,0.0
2025-11-27T05:16:49.892376,163.03618533213933,2.7172697555356558,31.062466859817505,8,430,0.257545546401816,13.843073119097609,2323,212598,1.0,2025/11/27 05:16:48.857,1.6,98.7,118.20166397094727,119.69921493530273,76180.73193359375,9341.7607421875,65.0,45.09,93.0,0.0
2025-11-27T05:17:20.963651,163.55399378935496,2.725899896489249,31.068507432937622,7,616,0.2253085384004921,19.827151379243304,2330,213214,1.0,2025/11/27 05:17:19.927,1.6,98.8,118.20449829101562,119.69921493530273,76180.74755859375,9342.9326171875,65.0,45.2,93.0,0.0
2025-11-27T05:17:52.038815,164.07195703188577,2.7345326171980964,31.077794551849365,8,702,0.2574185239127253,22.588475473341646,2338,213916,1.0,2025/11/27 05:17:51.006,1.4,98.8,118.20618438720703,119.69921493530273,76180.76708984375,9343.5732421875,65.0,45.11,94.0,0.0
2025-11-27T05:18:23.126434,164.58999540805817,2.7431665901343028,31.082302570343018,6,363,0.19303589193307905,11.678671461951282,2344,214279,1.0,2025/11/27 05:18:22.087,1.4,98.8,118.20576858520508,119.69921493530273,76180.91552734375,9344.5146484375,65.0,45.3,91.0,0.0
2025-11-27T05:18:54.199153,165.10793996254603,2.751798999375767,31.07667326927185,7,935,0.22524933538885242,30.086875512653858,2351,215214,1.0,2025/11/27 05:18:53.163,1.7,98.8,118.2148551940918,119.69921493530273,76180.93896484375,9345.3388671875,65.0,45.48,93.0,0.0
2025-11-27T05:19:25.178737,165.6243219812711,2.7604053663545183,30.98292112350464,10,809,0.32275846296538124,26.111159653899342,2361,216023,1.0,2025/11/27 05:19:24.142,1.5,98.8,118.21767044067383,119.69921493530273,76180.95849609375,9346.0654296875,65.0,45.2,94.0,0.0
2025-11-27T05:19:56.268656,166.1421888788541,2.7690364813142354,29.994057655334473,7,447,0.23337956072625748,14.902951949233872,2368,216470,1.0,2025/11/27 05:19:55.223,1.7,98.8,118.20752716064453,119.69921493530273,76181.15771484375,9346.7841796875,65.0,45.21,93.0,0.0
2025-11-27T05:20:27.342218,166.66034750143686,2.777672458357281,31.08951735496521,6,269,0.19299109508503703,8.652434096312493,2374,216739,1.0,2025/11/27 05:20:26.309,1.5,98.8,118.20793533325195,119.69921493530273,76181.52490234375,9347.7451171875,65.0,45.26,93.0,0.0
2025-11-27T05:20:58.447087,167.17828249931335,2.786304708321889,31.07609987258911,8,832,0.2574325617693247,26.77298642400977,2382,217571,1.0,2025/11/27 05:20:57.396,1.5,98.8,118.21270751953125,119.69921493530273,76181.55224609375,9348.5185546875,65.0,45.19,93.0,0.0
2025-11-27T05:21:29.527895,167.69660135904948,2.794943355984158,31.09913158416748,7,586,0.22508667102343427,18.84296988853321,2389,218157,1.0,2025/11/27 05:21:28.492,1.7,98.8,118.21765518188477,119.69921493530273,76182.30517578125,9349.2060546875,65.0,44.87,91.0,0.0
2025-11-27T05:21:59.395642,168.19453683694204,2.8032422806157005,29.876128673553467,10,612,0.33471538796966227,20.48458174374333,2399,218769,1.0,2025/11/27 05:21:58.354,1.6,98.8,118.2057991027832,119.69921493530273,76182.32080078125,9349.9169921875,64.0,45.06,93.0,0.0
2025-11-27T05:22:30.625290,168.71461735566456,2.811910289261076,30.116233110427856,6,923,0.1992281032624388,30.647923218538505,2405,219692,1.0,2025/11/27 05:22:29.581,1.4,98.7,118.1970443725586,119.69921493530273,76182.33251953125,9350.6748046875,65.0,45.16,93.0,0.0
2025-11-27T05:23:01.718894,169.23287519216538,2.8205479198694228,31.095470190048218,8,733,0.25727219916939276,23.57256524889561,2413,220425,1.0,2025/11/27 05:23:00.665,1.4,98.7,118.20144271850586,119.69921493530273,76182.43798828125,9351.4052734375,65.0,45.49,93.0,0.0
2025-11-27T05:23:32.789258,169.75120879411696,2.829186813235283,31.100016117095947,6,498,0.1929259450351779,16.012853437919766,2419,220923,1.0,2025/11/27 05:23:31.751,1.0,98.8,118.20340347290039,119.69921493530273,76182.43798828125,9352.1513671875,65.0,45.53,92.0,0.0
2025-11-27T05:24:03.863430,170.26900775829952,2.8378167959716585,31.06793785095215,8,917,0.25750019323393303,29.515959649439573,2427,221840,1.0,2025/11/27 05:24:02.830,1.4,98.8,118.22136306762695,119.69921493530273,76182.45751953125,9352.9521484375,65.0,45.47,93.0,0.0
2025-11-27T05:24:34.954942,170.7868975043297,2.846448291738828,31.073384761810303,8,309,0.2574550555506953,9.944201520645606,2435,222149,1.0,2025/11/27 05:24:33.899,1.2,98.8,118.2119140625,119.69921493530273,76182.48095703125,9353.4365234375,65.0,45.72,94.0,0.0
2025-11-27T05:25:06.043691,171.3051025032997,2.855085041721662,31.092299938201904,9,663,0.28946073522666776,21.323607495031194,2444,222812,1.0,2025/11/27 05:25:05.013,1.4,98.7,118.15611267089844,119.69921493530273,76182.55908203125,9357.8505859375,65.0,45.58,94.0,0.0
2025-11-27T05:25:37.114430,171.82320638100308,2.8637201063500513,31.086232662200928,7,521,0.22518006849094963,16.759830811969252,2451,223333,1.0,2025/11/27 05:25:36.077,0.9,98.7,118.19401931762695,119.69921493530273,76182.62939453125,9358.8388671875,65.0,45.5,93.0,0.0
2025-11-27T05:26:08.210282,172.34112812280654,2.872352135380109,31.07530450820923,7,823,0.2252592568530035,26.48405262714598,2458,224156,1.0,2025/11/27 05:26:07.154,1.1,98.7,118.18163681030273,119.69921493530273,76182.64892578125,9359.6083984375,65.0,45.55,91.0,0.0
2025-11-27T05:26:39.293480,172.8593572417895,2.880989287363158,31.09374713897705,8,450,0.2572864558344508,14.472363140687857,2466,224606,1.0,2025/11/27 05:26:38.252,0.9,98.7,118.20039367675781,119.69921493530273,76182.87158203125,9360.1005859375,65.0,45.62,94.0,0.0
2025-11-27T05:27:10.379498,173.37741207679113,2.8896235346131856,31.083290100097656,8,398,0.2573730121308769,12.804307353511126,2474,225004,1.0,2025/11/27 05:27:09.335,1.1,98.8,118.20608901977539,119.69921493530273,76182.90283203125,9361.0966796875,65.0,45.63,93.0,0.0
2025-11-27T05:27:41.482992,173.89570515155793,2.8982617525259653,31.09758448600769,7,899,0.2250978690370514,28.908997752044172,2481,225903,1.0,2025/11/27 05:27:40.452,1.0,98.8,118.20337677001953,119.69921493530273,76182.95751953125,9361.8701171875,65.0,45.43,90.0,0.0
2025-11-27T05:28:12.564664,174.41395555734636,2.906899259289106,31.095024347305298,6,702,0.19295691596781017,22.57595916823379,2487,226605,1.0,2025/11/27 05:28:11.534,1.2,98.8,118.21603775024414,119.69921493530273,76183.49853515625,9362.5849609375,65.0,45.71,94.0,0.0
2025-11-27T05:28:43.650206,174.9318952679634,2.91553158779939,31.076382637023926,9,1128,0.28960899681025093,36.297660933551455,2496,227733,1.0,2025/11/27 05:28:42.609,1.0,98.8,118.21334457397461,119.69921493530273,76183.80517578125,9363.6708984375,65.0,45.66,91.0,0.0
2025-11-27T05:29:14.728353,175.44995175600053,2.9241658626000087,31.083389282226562,7,430,0.22520066703287694,13.833755260591012,2503,228163,1.0,2025/11/27 05:29:13.689,1.2,98.8,118.22710800170898,119.69921493530273,76183.82861328125,9364.4052734375,66.0,45.49,93.0,0.0
2025-11-27T05:29:45.808865,175.9679832816124,2.9327997213602064,31.081891536712646,8,984,0.25738459290840554,31.65830492773388,2511,229147,1.0,2025/11/27 05:29:44.773,1.7,98.8,118.2416877746582,119.69921493530273,76183.84814453125,9365.1435546875,64.0,45.1,89.0,0.0
2025-11-27T05:30:16.885680,176.48601704835892,2.9414336174726485,31.08202600479126,6,552,0.19303760955206417,17.759460078789903,2517,229699,1.0,2025/11/27 05:30:15.852,1.5,98.8,118.21381759643555,119.69921493530273,76183.96923828125,9366.0263671875,65.0,45.4,93.0,0.0
2025-11-27T05:30:47.959507,177.00396134456,2.950066022409333,31.07665777206421,7,604,0.22524944771546576,19.43580948859162,2524,230303,1.0,2025/11/27 05:30:46.923,1.7,98.8,118.22154998779297,119.69921493530273,76184.06884765625,9366.8623046875,65.0,45.01,93.0,0.0
2025-11-27T05:31:19.040709,177.52184135516484,2.9586973559194143,31.072800636291504,9,852,0.28964238226690264,27.41947885460012,2533,231155,1.0,2025/11/27 05:31:17.994,1.7,98.8,118.22131729125977,119.69921493530273,76184.11181640625,9367.5732421875,65.0,44.78,93.0,0.0
2025-11-27T05:31:50.102038,178.03984110752742,2.967330685125457,31.07998514175415,8,546,0.25740038045425145,17.56757596600266,2541,231701,1.0,2025/11/27 05:31:49.076,1.8,98.8,118.22638320922852,119.69921493530273,76184.13134765625,9368.2451171875,65.0,45.06,92.0,0.0
2025-11-27T05:32:21.175347,178.55758679707844,2.9759597799513076,31.064741373062134,6,256,0.1931450169806633,8.240854057841634,2547,231957,1.0,2025/11/27 05:32:20.138,0.9,98.8,118.21736526489258,119.69921493530273,76184.13916015625,9369.0380859375,65.0,45.44,91.0,0.0
2025-11-27T05:32:52.250870,179.07551233768464,2.984591872294744,31.07553243637085,8,960,0.25743726246301696,30.892471495562038,2555,232917,1.0,2025/11/27 05:32:51.215,1.9,98.7,118.15762710571289,119.69921493530273,76184.38623046875,9372.0771484375,65.0,45.5,94.0,0.0
2025-11-27T05:33:23.329922,179.5934136192004,2.9932235603200064,31.074076890945435,8,794,0.2574493211198525,25.551845121145362,2563,233711,1.0,2025/11/27 05:33:22.296,1.0,98.7,118.1888313293457,119.69921493530273,76184.47998046875,9372.7412109375,65.0,45.46,94.0,0.0
2025-11-27T05:33:47.760731,180.0002468109131,3.0000041135152182,24.40999150276184,5,255,0.2048341556953955,10.44654194046517,2568,233966,1.0,2025/11/27 05:33:46.711,1.2,98.7,118.19557189941406,119.69921493530273,76184.50732421875,9373.4873046875,65.0,45.49,94.0,0.0
2025-11-27T05:34:13.718715,180.433809085687,3.0072301514281166,26.013736486434937,10,974,0.38441228945386513,37.44175699280647,2578,234940,1.0,2025/11/27 05:34:12.704,0.3,98.8,118.21756744384766,119.69921493530273,76190.87451171875,9374.2412109375,63.0,38.86,88.0,0.0
